source,magnitude_log1p
real_ILI_level_breaks,0.274990943835549
real_ILI_level_breaks,0.21642404557888772
real_ILI_level_breaks,0.24562927904766352
real_ILI_level_breaks,0.32510185450872653
real_ILI_level_breaks,0.18443705856977755
real_ILI_level_breaks,0.316647127126107
real_ILI_level_breaks,0.3011169799470381
real_ILI_level_breaks,0.41969183077610817
real_ILI_level_breaks,0.33695006428702134
real_ILI_level_breaks,0.28012948925147363
real_ILI_level_breaks,0.20928548678287018
real_ILI_level_breaks,0.5391090018818891
real_ILI_level_breaks,0.6468844067420243
real_ILI_level_breaks,0.3024925926265436
real_ILI_level_breaks,0.16862005462732244
real_ILI_level_breaks,0.3083208453512135
real_ILI_level_breaks,0.4982317374540325
real_ILI_level_breaks,0.2689545032149221
real_ILI_level_breaks,0.4866737495839404
real_ILI_level_breaks,0.18773232687849117
real_ILI_level_breaks,0.25825016170348225
real_ILI_level_breaks,0.41532408322091774
real_ILI_level_breaks,0.1775021678563915
real_ILI_level_breaks,0.1394258991121189
real_ILI_level_breaks,0.15749631085597637
real_ILI_level_breaks,0.10263516422018815
real_ILI_level_breaks,0.11869368066824859
real_ILI_level_breaks,0.29535303956837944
real_ILI_level_breaks,0.5150048970876601
real_ILI_level_breaks,0.35543391926886164
real_ILI_level_breaks,0.563045110926206
real_ILI_level_breaks,0.5151140706242708
real_ILI_level_breaks,0.3759849321444646
real_ILI_level_breaks,0.38804258261978375
real_ILI_level_breaks,0.6748677211262852
real_ILI_level_breaks,0.34784532787276845
real_ILI_level_breaks,0.31861643951750196
real_ILI_level_breaks,0.1818797942915482
real_ILI_level_breaks,0.22171854753661946
real_ILI_level_breaks,0.2676597938024028
real_ILI_level_breaks,0.38607945454065695
real_ILI_level_breaks,0.2536703436492982
real_ILI_level_breaks,0.19851909017929925
real_ILI_level_breaks,0.20437454591766546
real_ILI_level_breaks,0.31790035096547875
real_ILI_level_breaks,0.20528459835661494
real_ILI_level_breaks,0.09937808921527425
real_ILI_level_breaks,0.3094346690485442
real_ILI_level_breaks,0.3617220243448669
real_ILI_level_breaks,0.5419722988620976
real_ILI_level_breaks,0.3769372047629833
real_ILI_level_breaks,0.41638308554035486
real_ILI_level_breaks,0.9007439255736801
real_ILI_level_breaks,0.24154793563860869
real_ILI_level_breaks,0.6063930632732042
real_ILI_level_breaks,0.955686098100974
real_ILI_level_breaks,0.32921976195978986
real_ILI_level_breaks,0.6427894244146278
real_ILI_level_breaks,0.1486467853023694
real_ILI_level_breaks,0.748478357246449
real_ILI_level_breaks,0.29043652065873327
real_ILI_level_breaks,0.29991519628227936
real_ILI_level_breaks,0.23354305789550356
real_ILI_level_breaks,0.2649189082015162
real_ILI_level_breaks,0.44006794564627394
real_ILI_level_breaks,0.11477448287745284
real_ILI_level_breaks,0.8109754876460167
real_ILI_level_breaks,0.8823763868220369
real_ILI_level_breaks,0.35395157018994094
real_ILI_level_breaks,0.5074532028047511
real_ILI_level_breaks,0.3127829227667591
real_ILI_level_breaks,0.5180204210150152
real_ILI_level_breaks,0.7518331457328943
real_ILI_level_breaks,0.5278442784805433
real_ILI_level_breaks,0.6228434601015724
real_ILI_level_breaks,0.21341116849054553
real_ILI_level_breaks,0.07573695118833146
real_ILI_level_breaks,0.3728822935773727
real_ILI_level_breaks,0.5900684870151888
real_ILI_level_breaks,0.5216830345696013
real_ILI_level_breaks,0.645766633284762
real_ILI_level_breaks,0.594669390533558
real_ILI_level_breaks,0.567689407890815
real_ILI_level_breaks,0.44988502202293734
real_ILI_level_breaks,0.5227163767011096
real_ILI_level_breaks,0.6658244839464704
real_ILI_level_breaks,0.5761620470598108
real_ILI_level_breaks,0.6388480608415785
real_ILI_level_breaks,0.41211286882538967
real_ILI_level_breaks,0.18731368534054416
real_ILI_level_breaks,0.42333302495464475
real_ILI_level_breaks,0.21468485024085218
real_ILI_level_breaks,0.613109743787578
real_ILI_level_breaks,0.32532837623493577
real_ILI_level_breaks,0.5091932473933001
real_ILI_level_breaks,0.3636774788638899
real_ILI_level_breaks,0.3030774001453015
real_ILI_level_breaks,0.7995847002459291
real_ILI_level_breaks,0.6433153095081716
real_ILI_level_breaks,0.3062097844414924
real_ILI_level_breaks,0.4452690790193291
real_ILI_level_breaks,0.570647398806618
real_ILI_level_breaks,0.8063921293241207
real_ILI_level_breaks,0.18926306144775884
real_ILI_level_breaks,0.7549819284807522
real_ILI_level_breaks,0.8389491704745352
real_ILI_level_breaks,0.1979244470011594
real_ILI_level_breaks,0.6603555958999494
real_ILI_level_breaks,0.5041552865165239
real_ILI_level_breaks,0.95583363844651
sim_drift_strength1.0,0.17558650454989255
sim_drift_strength1.0,0.4999635792921229
sim_drift_strength1.0,0.038497583137046654
sim_drift_strength1.0,0.02597458390050278
sim_drift_strength1.0,0.1840302694324416
sim_drift_strength1.0,0.15110803390651206
sim_drift_strength1.0,0.812878760103604
sim_drift_strength1.0,0.5027277649450159
sim_drift_strength1.0,0.21966326113840307
sim_drift_strength1.0,0.2685840794112728
sim_drift_strength1.0,0.5814088892507927
sim_drift_strength1.0,0.31432529045835533
sim_drift_strength1.0,0.043428226292166805
sim_drift_strength1.0,0.08755164101797863
sim_drift_strength1.0,0.1705551033363406
sim_drift_strength1.0,0.22584366736376982
sim_drift_strength1.0,1.014670952397295
sim_drift_strength1.0,0.5569982013267314
sim_drift_strength1.0,0.5434552443182534
sim_drift_strength1.0,0.46775599942136115
sim_drift_strength1.0,0.47385368455016064
sim_drift_strength1.0,0.3294956023878308
sim_drift_strength1.0,0.5543903137039603
sim_drift_strength1.0,1.164226924555663
sim_drift_strength1.0,0.14255444038796306
sim_drift_strength1.0,1.4506430348040364
sim_drift_strength1.0,0.06226623223429151
sim_drift_strength1.0,0.7434506384376984
sim_drift_strength1.0,0.5695818765035607
sim_drift_strength1.0,0.392676488817604
sim_drift_strength1.0,0.8735332855414484
sim_drift_strength1.0,1.1980137536496906
sim_drift_strength1.0,0.8972314444995044
sim_drift_strength1.0,0.2008136794658073
sim_drift_strength1.0,0.8839677695388786
sim_drift_strength1.0,0.061222739548376204
sim_drift_strength1.0,0.26135173358922525
sim_drift_strength1.0,0.4856030823632036
sim_drift_strength1.0,0.04125908924281507
sim_drift_strength1.0,0.7511167356161179
sim_drift_strength1.0,0.7808375934935508
sim_drift_strength1.0,0.27397057715840045
sim_drift_strength1.0,0.8070084601729834
sim_drift_strength1.0,0.04303455127836209
sim_drift_strength1.0,0.0959874770296647
sim_drift_strength1.0,0.17025904313911067
sim_drift_strength1.0,0.6957834950212556
sim_drift_strength1.0,0.47414886461607697
sim_drift_strength1.0,0.18951808173538343
sim_drift_strength1.0,0.783214094138506
sim_drift_strength1.0,0.09968566504966869
sim_drift_strength1.0,0.03233677221498166
sim_drift_strength1.0,0.7123976009224631
sim_drift_strength1.0,1.0520232448757176
sim_drift_strength1.0,0.2559801815746212
sim_drift_strength1.0,0.42438270893778807
sim_drift_strength1.0,0.035745597691785314
sim_drift_strength1.0,0.9591734011791582
sim_drift_strength1.0,0.8187567564591411
sim_drift_strength1.0,0.19855301664795633
sim_drift_strength1.0,0.025259433505230078
sim_drift_strength1.0,0.6801161325262068
sim_drift_strength1.0,0.7378889365470442
sim_drift_strength1.0,0.0791482902123608
sim_drift_strength1.0,0.4173450718906908
sim_drift_strength1.0,0.16708372806500815
sim_drift_strength1.0,0.05791500248719128
sim_drift_strength1.0,0.07156655470588191
sim_drift_strength1.0,0.506737774826111
sim_drift_strength1.0,0.08718787272970463
sim_drift_strength1.0,0.9003814094174594
sim_drift_strength1.0,0.3437317259189214
sim_drift_strength1.0,0.3084754304043029
sim_drift_strength1.0,0.28396141825896315
sim_drift_strength1.0,0.419645396639706
sim_drift_strength1.0,0.878659305954919
sim_drift_strength1.0,0.3315830163056024
sim_drift_strength1.0,0.7279989718340509
sim_drift_strength1.0,0.6438365885093371
sim_drift_strength1.0,1.0895689578532037
sim_drift_strength1.0,0.23431142925878667
sim_drift_strength1.0,0.8206065114372878
sim_drift_strength1.0,0.814674196563268
sim_drift_strength1.0,0.1052726467581877
sim_drift_strength1.0,0.7626843546831026
sim_drift_strength1.0,0.22087227583326907
sim_drift_strength1.0,0.0679224142094812
sim_drift_strength1.0,0.2823706901315539
sim_drift_strength1.0,0.6043799898749258
sim_drift_strength1.0,0.5044200956071458
sim_drift_strength1.0,0.2173719041934774
sim_drift_strength1.0,0.5147495239059552
sim_drift_strength1.0,0.020509134143849472
sim_drift_strength1.0,1.1094752647156811
sim_drift_strength1.0,1.1822933302664387
sim_drift_strength1.0,1.7210269019574715
sim_drift_strength1.0,0.15302272228787217
sim_drift_strength1.0,0.09864869721843395
sim_drift_strength1.0,0.46673719187411855
sim_drift_strength1.0,0.41053999810287767
sim_drift_strength1.0,0.04547649736485848
sim_drift_strength1.0,0.12321718897001332
sim_drift_strength1.0,0.5534198971560151
sim_drift_strength1.0,0.6268702401655828
sim_drift_strength1.0,0.30128026451210843
sim_drift_strength1.0,0.027935474066087984
sim_drift_strength1.0,0.21840059416112112
sim_drift_strength1.0,0.19878159832339648
sim_drift_strength1.0,0.164658738542931
sim_drift_strength1.0,0.17474698354093832
sim_drift_strength1.0,0.1951098820927779
sim_drift_strength1.0,0.17214715976615658
sim_drift_strength1.0,0.28642943961376854
sim_drift_strength1.0,0.48333165161941594
sim_drift_strength1.0,0.5823880049535219
sim_drift_strength1.0,0.28611790101662216
sim_drift_strength1.0,0.2735789839390099
sim_drift_strength1.0,0.015412273346236738
sim_drift_strength1.0,1.1332884133445944
sim_drift_strength1.0,0.04408023621249235
sim_drift_strength1.0,0.9546914590058195
sim_drift_strength1.0,0.18225830433181933
sim_drift_strength1.0,0.29028891449129723
sim_drift_strength1.0,0.20814264762850154
sim_drift_strength1.0,0.9377348297248362
sim_drift_strength1.0,1.1470476461852632
sim_drift_strength1.0,0.4484200060262049
sim_drift_strength1.0,0.30737672989688214
sim_drift_strength1.0,0.34232638061324305
sim_drift_strength1.0,0.33949742104621716
sim_drift_strength1.0,0.552155292958969
sim_drift_strength1.0,0.7929516101445468
sim_drift_strength1.0,0.7276422346660967
sim_drift_strength1.0,0.3882133204407543
sim_drift_strength1.0,0.019284813945939838
sim_drift_strength1.0,0.5381577664252175
sim_drift_strength1.0,0.0017059966391457237
sim_drift_strength1.0,0.4185953048174902
sim_drift_strength1.0,0.11578566526036171
sim_drift_strength1.0,0.17486567373605144
sim_drift_strength1.0,0.955590947157194
sim_drift_strength1.0,0.07055039619793213
sim_drift_strength1.0,0.6430914188217649
sim_drift_strength1.0,0.11059716789156138
sim_drift_strength1.0,1.0749493463753925
sim_drift_strength1.0,0.6141153480194665
sim_drift_strength1.0,0.20343262400342432
sim_drift_strength1.0,0.5978089649604099
sim_drift_strength1.0,0.27508109481959675
sim_drift_strength1.0,0.8543197835695677
sim_drift_strength1.0,0.16297865810761358
sim_drift_strength1.0,0.27797963296833217
sim_drift_strength1.0,0.21034150720637435
sim_drift_strength1.0,0.805885183679913
sim_drift_strength1.0,0.6725584475010367
sim_drift_strength1.0,0.1952107985414946
sim_drift_strength1.0,0.48088829898381924
sim_drift_strength1.0,0.8659715152143441
sim_drift_strength1.0,0.6120475970115606
sim_drift_strength1.0,0.2729055751417011
sim_drift_strength1.0,0.9874461135001651
sim_drift_strength1.0,0.049387713718958004
sim_drift_strength1.0,0.3060228454817837
sim_drift_strength1.0,0.012404803133598818
sim_drift_strength1.0,0.28218724419854
sim_drift_strength1.0,0.16898685849442163
sim_drift_strength1.0,0.5894325800662399
sim_drift_strength1.0,0.31341971930423007
sim_drift_strength1.0,1.053428203202544
sim_drift_strength1.0,0.8171101044215492
sim_drift_strength1.0,0.273783402526675
sim_drift_strength1.0,0.3277823522337009
sim_drift_strength1.0,0.04065059607830168
sim_drift_strength1.0,1.150286198141055
sim_drift_strength1.0,1.1650551105440767
sim_drift_strength1.0,0.4781768300012921
sim_drift_strength1.0,0.1749961384787273
sim_drift_strength1.0,0.30594210385528164
sim_drift_strength1.0,0.21930580209884187
sim_drift_strength1.0,0.5288171705662883
sim_drift_strength1.0,0.8603414992509926
sim_drift_strength1.0,0.19481427637920934
sim_drift_strength1.0,0.5040496345091858
sim_drift_strength1.0,0.8320697571341231
sim_drift_strength1.0,0.02238325821667786
sim_drift_strength1.0,0.2768679822194713
sim_drift_strength1.0,0.3522234239889386
sim_drift_strength1.0,0.6981305414054377
sim_drift_strength1.0,0.4250629539608459
sim_drift_strength1.0,0.24353552056475714
sim_drift_strength1.0,0.40232615042456654
sim_drift_strength1.0,0.5104152983491215
sim_drift_strength1.0,0.8717514114168692
sim_drift_strength1.0,0.05861670480168435
sim_drift_strength1.0,0.025147115387464503
sim_drift_strength1.0,0.7680509452012831
sim_drift_strength1.0,0.031022015491141808
sim_drift_strength1.0,0.14363386757125696
sim_drift_strength1.0,0.3177850103488362
sim_drift_strength1.0,0.8307589211075861
sim_drift_strength1.0,0.20969469276854102
sim_drift_strength1.0,0.4537591637407319
sim_drift_strength1.0,0.5188433293276216
sim_drift_strength1.0,0.7462074536301522
sim_drift_strength1.0,0.13939959285396775
sim_drift_strength1.0,0.11247634465117784
sim_drift_strength1.0,0.3406792109872301
sim_drift_strength1.0,0.7204197535135881
sim_drift_strength1.0,0.9053013296165702
sim_drift_strength1.0,0.9128848780945447
sim_drift_strength1.0,0.16901258233021377
sim_drift_strength1.0,0.15243379540950386
sim_drift_strength1.0,0.4043408079464186
sim_drift_strength1.0,0.7397464478664197
sim_drift_strength1.0,0.4832727893039941
sim_drift_strength1.0,0.19705873700581833
sim_drift_strength1.0,0.37839425078386313
sim_drift_strength1.0,0.5781531305605085
sim_drift_strength1.0,0.11712842342763885
sim_drift_strength1.0,0.3464431439385338
sim_drift_strength1.0,0.1450699838528111
sim_drift_strength1.0,0.2661703088943028
sim_drift_strength1.0,0.1006038578401931
sim_drift_strength1.0,0.057011384187588554
sim_drift_strength1.0,0.42796332345808086
sim_drift_strength1.0,0.016396769389939614
sim_drift_strength1.0,0.8098372668711411
sim_drift_strength1.0,0.6574635074671447
sim_drift_strength1.0,0.061019644813657514
sim_drift_strength1.0,0.14658422185615638
sim_drift_strength1.0,0.5480483623900145
sim_drift_strength1.0,0.08795976051062304
sim_drift_strength1.0,0.23599983398280688
sim_drift_strength1.0,0.20372024956367696
sim_drift_strength1.0,0.04209476251704469
sim_drift_strength1.0,0.0599220950345547
sim_drift_strength1.0,0.23584288454845304
sim_drift_strength1.0,0.44337766097484366
sim_drift_strength1.0,0.1937054014849542
sim_drift_strength1.0,0.8748986878839817
sim_drift_strength1.0,0.534529037301783
sim_drift_strength1.0,0.6241772238548595
sim_drift_strength1.0,0.25150944157366606
sim_drift_strength1.0,0.009341445810623128
sim_drift_strength1.0,0.03488975153679075
sim_drift_strength1.0,0.9969365301206672
sim_drift_strength1.0,0.6250364799731924
sim_drift_strength1.0,1.317506739740823
sim_drift_strength1.0,0.08849896046058969
sim_drift_strength1.0,0.31728352965512663
sim_drift_strength1.0,0.3805396358732729
sim_drift_strength1.0,0.9022610381269431
sim_drift_strength1.0,0.5886496526708003
sim_drift_strength1.0,0.20305868787097214
sim_drift_strength1.0,0.7071733907773385
sim_drift_strength1.0,1.1970393902983902
sim_drift_strength1.0,0.3403123819403424
sim_drift_strength1.0,0.5136784799535441
sim_drift_strength1.0,0.7580769036621255
sim_drift_strength1.0,0.2358756300209226
sim_drift_strength1.0,0.4149310848336407
sim_drift_strength1.0,0.12214331222627628
sim_drift_strength1.0,0.7489369748856607
sim_drift_strength1.0,0.11309570174176642
sim_drift_strength1.0,0.023790552840059043
sim_drift_strength1.0,0.2304512835679171
sim_drift_strength1.0,0.4335750818946913
sim_drift_strength1.0,0.055817192153980955
sim_drift_strength1.0,0.4714112490503508
sim_drift_strength1.0,0.048540455083848855
sim_drift_strength1.0,0.4698114104166313
sim_drift_strength1.0,0.8324475778234985
sim_drift_strength1.0,0.28262782941367437
sim_drift_strength1.0,0.38898623600559645
sim_drift_strength1.0,1.2017380384978988
sim_drift_strength1.0,1.1984978973013476
sim_drift_strength1.0,0.3482399565921037
sim_drift_strength1.0,0.059372859544664536
sim_drift_strength1.0,0.8154658995587463
sim_drift_strength1.0,0.3695760217275872
sim_drift_strength1.0,0.17363004356180678
sim_drift_strength1.0,0.1709733478100599
sim_drift_strength1.0,0.695059025884067
sim_drift_strength1.0,0.2776984870043213
sim_drift_strength1.0,0.2831966424314558
sim_drift_strength1.0,0.0416656051590909
sim_drift_strength1.0,0.7151098376871361
sim_drift_strength1.0,0.19945267824976387
sim_drift_strength1.0,0.9569781284367496
sim_drift_strength1.0,0.26807978588381776
sim_drift_strength1.0,0.3456533699516706
sim_drift_strength1.0,1.2836121023750255
sim_drift_strength1.0,0.9040206335370389
sim_drift_strength1.0,0.45961015687756834
sim_drift_strength1.0,0.25464718799840647
sim_drift_strength1.0,0.3907193936963216
sim_drift_strength1.0,0.21803569679348644
sim_drift_strength1.0,0.6237346914622437
sim_drift_strength1.0,0.5410732007443699
sim_drift_strength1.0,1.0551632561585143
sim_drift_strength2.0,0.6935528171063332
sim_drift_strength2.0,0.5431855031045183
sim_drift_strength2.0,0.08958484618736229
sim_drift_strength2.0,0.06704782586715208
sim_drift_strength2.0,0.5615237654865588
sim_drift_strength2.0,0.7509574070357736
sim_drift_strength2.0,0.9706265091871962
sim_drift_strength2.0,1.1538886600866993
sim_drift_strength2.0,0.43104339250304324
sim_drift_strength2.0,0.38697737850649006
sim_drift_strength2.0,1.18798015398185
sim_drift_strength2.0,0.4484012243438853
sim_drift_strength2.0,0.024326425412428243
sim_drift_strength2.0,0.2829772541993245
sim_drift_strength2.0,0.14901485014838656
sim_drift_strength2.0,0.08104410391006578
sim_drift_strength2.0,1.3137107105189978
sim_drift_strength2.0,1.0665801995465714
sim_drift_strength2.0,1.1633263093380481
sim_drift_strength2.0,1.4326533910989268
sim_drift_strength2.0,0.27582323459389624
sim_drift_strength2.0,0.5321970519061381
sim_drift_strength2.0,0.7037302213006571
sim_drift_strength2.0,1.5072739366308272
sim_drift_strength2.0,0.11587147614203275
sim_drift_strength2.0,1.5887409336499179
sim_drift_strength2.0,0.012288001973194795
sim_drift_strength2.0,0.3843831012982637
sim_drift_strength2.0,0.020243854498724012
sim_drift_strength2.0,0.3308418262963624
sim_drift_strength2.0,0.9831000380398089
sim_drift_strength2.0,1.1235858925293547
sim_drift_strength2.0,0.7031556555215692
sim_drift_strength2.0,0.2285200725735912
sim_drift_strength2.0,0.7094982882192666
sim_drift_strength2.0,0.11028823123838816
sim_drift_strength2.0,0.46681733729921326
sim_drift_strength2.0,0.4768459582403075
sim_drift_strength2.0,0.030759672960968487
sim_drift_strength2.0,0.08107948304405621
sim_drift_strength2.0,0.9200903246264516
sim_drift_strength2.0,0.7025351907216058
sim_drift_strength2.0,0.8836477251658947
sim_drift_strength2.0,0.020957020443951535
sim_drift_strength2.0,0.35994293860901116
sim_drift_strength2.0,0.2900291309974321
sim_drift_strength2.0,0.18134535423377862
sim_drift_strength2.0,0.4979092862983814
sim_drift_strength2.0,0.1162606150394696
sim_drift_strength2.0,1.1636122007197551
sim_drift_strength2.0,0.2544323674330693
sim_drift_strength2.0,0.013787643981787667
sim_drift_strength2.0,1.2526903746734126
sim_drift_strength2.0,1.4611333139037828
sim_drift_strength2.0,0.15310775695318224
sim_drift_strength2.0,0.7065760631429105
sim_drift_strength2.0,0.41510040678184534
sim_drift_strength2.0,0.9996582305658341
sim_drift_strength2.0,1.0798202169764073
sim_drift_strength2.0,0.1940910746394504
sim_drift_strength2.0,0.011852555092240813
sim_drift_strength2.0,0.999037831858586
sim_drift_strength2.0,0.9104032072454409
sim_drift_strength2.0,0.15287535501341143
sim_drift_strength2.0,0.640701701043775
sim_drift_strength2.0,0.030754524430605557
sim_drift_strength2.0,1.001239357620844
sim_drift_strength2.0,0.06049751022292149
sim_drift_strength2.0,0.4031792405330199
sim_drift_strength2.0,0.40681183987265257
sim_drift_strength2.0,1.0032126817939204
sim_drift_strength2.0,0.2707403746655359
sim_drift_strength2.0,0.1964470793706221
sim_drift_strength2.0,0.31798920602537706
sim_drift_strength2.0,0.3477900831497518
sim_drift_strength2.0,0.07850498379003756
sim_drift_strength2.0,1.5541249335328269
sim_drift_strength2.0,1.0974743867622818
sim_drift_strength2.0,1.6227155761662915
sim_drift_strength2.0,1.7560496260058747
sim_drift_strength2.0,0.08386202082008776
sim_drift_strength2.0,0.5957154168816947
sim_drift_strength2.0,1.4734755789176939
sim_drift_strength2.0,0.35825363756167405
sim_drift_strength2.0,0.42825553323892684
sim_drift_strength2.0,0.11815606496446573
sim_drift_strength2.0,0.6677649400830319
sim_drift_strength2.0,0.20452868793884882
sim_drift_strength2.0,1.0326060189796946
sim_drift_strength2.0,0.31841541879478097
sim_drift_strength2.0,0.4620105650887405
sim_drift_strength2.0,0.1493926284845548
sim_drift_strength2.0,0.1284358567033248
sim_drift_strength2.0,1.5499566617130753
sim_drift_strength2.0,1.0128297189731867
sim_drift_strength2.0,0.8228434763616068
sim_drift_strength2.0,0.6279986767055918
sim_drift_strength2.0,0.7206819368330342
sim_drift_strength2.0,0.3521405394396142
sim_drift_strength2.0,0.14825965281135378
sim_drift_strength2.0,0.5951762010260522
sim_drift_strength2.0,0.17804086133092412
sim_drift_strength2.0,1.0451580929130841
sim_drift_strength2.0,0.9679269545723121
sim_drift_strength2.0,0.6047797138847919
sim_drift_strength2.0,0.6259116569499463
sim_drift_strength2.0,0.4691424139684415
sim_drift_strength2.0,0.03731759054900863
sim_drift_strength2.0,0.2758019572573076
sim_drift_strength2.0,0.2911673799553345
sim_drift_strength2.0,0.28893647441216874
sim_drift_strength2.0,0.22265908534926204
sim_drift_strength2.0,0.5305979680887649
sim_drift_strength2.0,0.36754443853235585
sim_drift_strength2.0,0.5951276001660135
sim_drift_strength2.0,0.3657345676867054
sim_drift_strength2.0,0.3363773048237855
sim_drift_strength2.0,0.20258722066410328
sim_drift_strength2.0,0.11182655578465006
sim_drift_strength2.0,0.1824782173989865
sim_drift_strength2.0,1.7155091357453012
sim_drift_strength2.0,0.21469185795223655
sim_drift_strength2.0,0.3376109465030144
sim_drift_strength2.0,0.18302971611297547
sim_drift_strength2.0,0.8444617809297679
sim_drift_strength2.0,1.3109225998755765
sim_drift_strength2.0,0.5851107314794577
sim_drift_strength2.0,0.24552283955726129
sim_drift_strength2.0,0.5851335496050343
sim_drift_strength2.0,0.3552948770770801
sim_drift_strength2.0,0.5485318969782069
sim_drift_strength2.0,0.6619646425107364
sim_drift_strength2.0,0.7913865526889214
sim_drift_strength2.0,0.3785159521686223
sim_drift_strength2.0,0.08583169130553348
sim_drift_strength2.0,0.6000255061047879
sim_drift_strength2.0,1.0564330598205807
sim_drift_strength2.0,0.6423783074941687
sim_drift_strength2.0,0.5721749655588426
sim_drift_strength2.0,0.18869288086895253
sim_drift_strength2.0,1.1702704216353035
sim_drift_strength2.0,0.9707646866678807
sim_drift_strength2.0,0.761231001086033
sim_drift_strength2.0,0.08638283719384976
sim_drift_strength2.0,0.976257541842056
sim_drift_strength2.0,0.5931688160041855
sim_drift_strength2.0,0.29830883100833105
sim_drift_strength2.0,0.7372147045591051
sim_drift_strength2.0,0.376924431527498
sim_drift_strength2.0,0.8964485800295128
sim_drift_strength2.0,0.053274790647567905
sim_drift_strength2.0,0.5862185472248376
sim_drift_strength2.0,0.3299075963337037
sim_drift_strength2.0,1.0649584023613814
sim_drift_strength2.0,0.5694081862410192
sim_drift_strength2.0,0.1975926879098555
sim_drift_strength2.0,1.1813961587986794
sim_drift_strength2.0,1.231303641012727
sim_drift_strength2.0,0.4019503785587384
sim_drift_strength2.0,0.38143349716658115
sim_drift_strength2.0,1.2741468593322622
sim_drift_strength2.0,0.002623683855826897
sim_drift_strength2.0,0.35371079739632805
sim_drift_strength2.0,0.43713897247986466
sim_drift_strength2.0,0.4004026273841159
sim_drift_strength2.0,0.4698275933460092
sim_drift_strength2.0,0.7896539933450359
sim_drift_strength2.0,1.0057597692907434
sim_drift_strength2.0,1.3824584150771129
sim_drift_strength2.0,1.013177869903748
sim_drift_strength2.0,0.4846861900881656
sim_drift_strength2.0,0.9346299762429844
sim_drift_strength2.0,0.3908682043704488
sim_drift_strength2.0,1.7043710279313897
sim_drift_strength2.0,0.9302999766614155
sim_drift_strength2.0,0.3892890016161177
sim_drift_strength2.0,0.3627003174892094
sim_drift_strength2.0,0.6719622026305139
sim_drift_strength2.0,0.19011870795371522
sim_drift_strength2.0,0.7725106178731052
sim_drift_strength2.0,1.159061136099563
sim_drift_strength2.0,0.005628521324330116
sim_drift_strength2.0,0.7239630278732045
sim_drift_strength2.0,1.6453739954075584
sim_drift_strength2.0,0.035472206621530056
sim_drift_strength2.0,0.5025190750780579
sim_drift_strength2.0,0.5927900878387842
sim_drift_strength2.0,0.8177012223933762
sim_drift_strength2.0,0.7714060567408003
sim_drift_strength2.0,0.12821355255348
sim_drift_strength2.0,0.9137975786199295
sim_drift_strength2.0,0.7228183450926569
sim_drift_strength2.0,1.4816208650068088
sim_drift_strength2.0,0.1844232399408341
sim_drift_strength2.0,0.15286632735401096
sim_drift_strength2.0,1.5644756803367805
sim_drift_strength2.0,0.15643812509661714
sim_drift_strength2.0,0.3686446651325985
sim_drift_strength2.0,0.7796484845820038
sim_drift_strength2.0,1.6063502587776357
sim_drift_strength2.0,0.04714006570332785
sim_drift_strength2.0,0.6742583166902554
sim_drift_strength2.0,0.9241074099716755
sim_drift_strength2.0,1.5521000337600848
sim_drift_strength2.0,0.45464306631417006
sim_drift_strength2.0,0.0365412356413497
sim_drift_strength2.0,0.26110201007783473
sim_drift_strength2.0,0.8704771673935019
sim_drift_strength2.0,1.3427498699826597
sim_drift_strength2.0,0.9780144393274934
sim_drift_strength2.0,0.15262719627328547
sim_drift_strength2.0,0.2926143599773523
sim_drift_strength2.0,0.786594116252278
sim_drift_strength2.0,0.9690808838155638
sim_drift_strength2.0,0.7772648653544909
sim_drift_strength2.0,0.13897310115860684
sim_drift_strength2.0,0.6198026432785699
sim_drift_strength2.0,0.6729711516482384
sim_drift_strength2.0,0.11410539817018694
sim_drift_strength2.0,0.520453948232829
sim_drift_strength2.0,0.2483322498648466
sim_drift_strength2.0,0.34678723767897157
sim_drift_strength2.0,0.3233272906825402
sim_drift_strength2.0,0.7530739631706362
sim_drift_strength2.0,0.09452905908314069
sim_drift_strength2.0,0.2317539762169174
sim_drift_strength2.0,1.139965557499834
sim_drift_strength2.0,0.7538749700957776
sim_drift_strength2.0,0.31169310863809585
sim_drift_strength2.0,0.2761367159430339
sim_drift_strength2.0,0.5922154468662377
sim_drift_strength2.0,0.1712493544976823
sim_drift_strength2.0,0.36607277387944137
sim_drift_strength2.0,0.19843244592494003
sim_drift_strength2.0,0.16585370548314504
sim_drift_strength2.0,0.3696444948846018
sim_drift_strength2.0,0.33927632747141967
sim_drift_strength2.0,0.6969364960971989
sim_drift_strength2.0,0.5747656369189338
sim_drift_strength2.0,1.4677267380732024
sim_drift_strength2.0,0.7321123483367167
sim_drift_strength2.0,0.9269955810535695
sim_drift_strength2.0,0.005509704187690367
sim_drift_strength2.0,0.07173134406734594
sim_drift_strength2.0,0.005041672733576696
sim_drift_strength2.0,1.2094668974910805
sim_drift_strength2.0,0.7692622870072388
sim_drift_strength2.0,1.2135551024833386
sim_drift_strength2.0,0.31925932596486195
sim_drift_strength2.0,0.402619274049445
sim_drift_strength2.0,0.7049705083093265
sim_drift_strength2.0,1.2640554276514782
sim_drift_strength2.0,0.3538366024011603
sim_drift_strength2.0,0.1368176785813091
sim_drift_strength2.0,0.7967658482288673
sim_drift_strength2.0,1.6214390143088475
sim_drift_strength2.0,0.46853606911661494
sim_drift_strength2.0,0.46879489066322133
sim_drift_strength2.0,0.8474292926464075
sim_drift_strength2.0,0.23337390898754062
sim_drift_strength2.0,0.789267987232023
sim_drift_strength2.0,0.19644371543933303
sim_drift_strength2.0,0.4014705699353218
sim_drift_strength2.0,0.5821373001826124
sim_drift_strength2.0,0.22457956133185508
sim_drift_strength2.0,0.17774516285146102
sim_drift_strength2.0,0.2673302783154847
sim_drift_strength2.0,0.01668038457952914
sim_drift_strength2.0,0.25428771221853985
sim_drift_strength2.0,0.3388110021659214
sim_drift_strength2.0,1.2748123987215711
sim_drift_strength2.0,1.5754269877350984
sim_drift_strength2.0,0.4945361617440094
sim_drift_strength2.0,0.9055678210298073
sim_drift_strength2.0,1.3067114455715112
sim_drift_strength2.0,0.9678187395332074
sim_drift_strength2.0,0.5977793629365484
sim_drift_strength2.0,0.02088058450936714
sim_drift_strength2.0,0.5687363448339182
sim_drift_strength2.0,0.45666898408232015
sim_drift_strength2.0,0.7343525255307162
sim_drift_strength2.0,0.640134762181015
sim_drift_strength2.0,0.7050975276230105
sim_drift_strength2.0,0.22264531913553487
sim_drift_strength2.0,0.36141440128041413
sim_drift_strength2.0,0.2609140813662938
sim_drift_strength2.0,1.0553668249342425
sim_drift_strength2.0,0.46940354617968527
sim_drift_strength2.0,1.512315792706481
sim_drift_strength2.0,0.5731393550227954
sim_drift_strength2.0,0.817300213688867
sim_drift_strength2.0,1.4065329294959596
sim_drift_strength2.0,1.005965249640382
sim_drift_strength2.0,1.07778318241008
sim_drift_strength2.0,0.30232694265990023
sim_drift_strength2.0,0.34441542320287866
sim_drift_strength2.0,0.4189963173020539
sim_drift_strength2.0,0.7090694660727248
sim_drift_strength2.0,0.694913097754521
sim_drift_strength2.0,1.2868366333500747
sim_drift_strength3.0,0.13674163872425638
sim_drift_strength3.0,0.16387993898505115
sim_drift_strength3.0,0.062832430599145
sim_drift_strength3.0,0.08007558958417782
sim_drift_strength3.0,0.28109290071142734
sim_drift_strength3.0,0.2618339363369815
sim_drift_strength3.0,0.9958031038721349
sim_drift_strength3.0,1.3101426055345913
sim_drift_strength3.0,0.7779111885644845
sim_drift_strength3.0,0.45850894432983047
sim_drift_strength3.0,1.547252059258672
sim_drift_strength3.0,0.47096936205879825
sim_drift_strength3.0,0.05935405612157485
sim_drift_strength3.0,0.5894042490260425
sim_drift_strength3.0,0.23384678508468149
sim_drift_strength3.0,0.3798717547165804
sim_drift_strength3.0,1.412651377424961
sim_drift_strength3.0,0.9488230919110281
sim_drift_strength3.0,1.1667942699011746
sim_drift_strength3.0,0.8886528667018867
sim_drift_strength3.0,0.5468742761934653
sim_drift_strength3.0,0.6457690737403121
sim_drift_strength3.0,0.6793115353891883
sim_drift_strength3.0,1.7239932473513364
sim_drift_strength3.0,0.2371365638830989
sim_drift_strength3.0,1.6851714004989056
sim_drift_strength3.0,0.010507067431541728
sim_drift_strength3.0,0.798964050590186
sim_drift_strength3.0,0.0694860977999836
sim_drift_strength3.0,0.2051440007578167
sim_drift_strength3.0,0.9586765273134876
sim_drift_strength3.0,1.610497180347667
sim_drift_strength3.0,1.217742242144813
sim_drift_strength3.0,0.42128387748543616
sim_drift_strength3.0,0.7753686460601954
sim_drift_strength3.0,0.06422725981046717
sim_drift_strength3.0,0.6520350303091655
sim_drift_strength3.0,0.5665121925378251
sim_drift_strength3.0,0.20274408649083497
sim_drift_strength3.0,0.9260836149036642
sim_drift_strength3.0,0.9675410504370352
sim_drift_strength3.0,0.5841941870320531
sim_drift_strength3.0,0.8408746512418106
sim_drift_strength3.0,0.20959949568128344
sim_drift_strength3.0,0.17901629268143449
sim_drift_strength3.0,0.22381266592349824
sim_drift_strength3.0,0.2159350222697345
sim_drift_strength3.0,0.3629718955050638
sim_drift_strength3.0,0.6217822294694804
sim_drift_strength3.0,1.7030120070092662
sim_drift_strength3.0,0.17566532915410438
sim_drift_strength3.0,0.34195155595373095
sim_drift_strength3.0,1.2898339876205958
sim_drift_strength3.0,1.7895791383063249
sim_drift_strength3.0,0.3682105612266282
sim_drift_strength3.0,1.0191117952066415
sim_drift_strength3.0,0.07011821084702863
sim_drift_strength3.0,1.4353772296208636
sim_drift_strength3.0,1.4135306382109656
sim_drift_strength3.0,0.17103481454355496
sim_drift_strength3.0,0.010307810510498783
sim_drift_strength3.0,0.7238642886258715
sim_drift_strength3.0,1.1703390037313897
sim_drift_strength3.0,0.015357933312178496
sim_drift_strength3.0,0.6365594488283577
sim_drift_strength3.0,0.16985487017358203
sim_drift_strength3.0,0.950524176662281
sim_drift_strength3.0,0.5160607650074791
sim_drift_strength3.0,0.5109166434942765
sim_drift_strength3.0,0.2718358169186592
sim_drift_strength3.0,1.1829177954759444
sim_drift_strength3.0,0.32082246899677447
sim_drift_strength3.0,0.17627187042152048
sim_drift_strength3.0,0.44684567883010917
sim_drift_strength3.0,0.311962693050849
sim_drift_strength3.0,0.3362609566077577
sim_drift_strength3.0,0.49027431287229994
sim_drift_strength3.0,1.2872068068200813
sim_drift_strength3.0,1.950012365643094
sim_drift_strength3.0,1.8093580181659705
sim_drift_strength3.0,0.10349040682131072
sim_drift_strength3.0,0.731376670292887
sim_drift_strength3.0,1.7908100669993772
sim_drift_strength3.0,0.5146500809315775
sim_drift_strength3.0,0.18623487127759297
sim_drift_strength3.0,0.6683660711812438
sim_drift_strength3.0,1.088718292843141
sim_drift_strength3.0,0.521849000807439
sim_drift_strength3.0,1.1336575098503836
sim_drift_strength3.0,0.4744168093388188
sim_drift_strength3.0,0.7269372333737136
sim_drift_strength3.0,0.07581487745039706
sim_drift_strength3.0,0.5534581219862282
sim_drift_strength3.0,1.6545537698223596
sim_drift_strength3.0,0.6053062684349442
sim_drift_strength3.0,1.1420256464703833
sim_drift_strength3.0,0.7699867385128458
sim_drift_strength3.0,0.5862936609335039
sim_drift_strength3.0,0.3263440415477019
sim_drift_strength3.0,0.21999360349630503
sim_drift_strength3.0,0.7441371561604972
sim_drift_strength3.0,0.024135437401210602
sim_drift_strength3.0,1.3581530144025091
sim_drift_strength3.0,0.8216940869362972
sim_drift_strength3.0,0.7178427071485389
sim_drift_strength3.0,0.46559835433286967
sim_drift_strength3.0,0.4975364531989497
sim_drift_strength3.0,0.08584876193995417
sim_drift_strength3.0,0.3882415332233684
sim_drift_strength3.0,0.012419795547837786
sim_drift_strength3.0,0.6326457636512473
sim_drift_strength3.0,0.17867177413262691
sim_drift_strength3.0,0.5823236132024299
sim_drift_strength3.0,0.45296506795755054
sim_drift_strength3.0,0.676118227274876
sim_drift_strength3.0,0.3818020158689013
sim_drift_strength3.0,0.7243751141096251
sim_drift_strength3.0,0.2772755318992237
sim_drift_strength3.0,0.8626748276280987
sim_drift_strength3.0,0.25856083033513144
sim_drift_strength3.0,2.6481682825826605
sim_drift_strength3.0,0.14409778172116638
sim_drift_strength3.0,0.3877410095345919
sim_drift_strength3.0,0.1802734313767438
sim_drift_strength3.0,1.291132799423476
sim_drift_strength3.0,1.371674751191101
sim_drift_strength3.0,0.6722639597590971
sim_drift_strength3.0,0.43357836577355613
sim_drift_strength3.0,0.5288294824900506
sim_drift_strength3.0,0.7007150967852853
sim_drift_strength3.0,0.6525187333368256
sim_drift_strength3.0,0.510273206528403
sim_drift_strength3.0,0.9349866094044481
sim_drift_strength3.0,0.5767132483335935
sim_drift_strength3.0,0.06793392301467271
sim_drift_strength3.0,0.7619488767123022
sim_drift_strength3.0,0.7326564862516243
sim_drift_strength3.0,0.32643385571061856
sim_drift_strength3.0,1.154791607521625
sim_drift_strength3.0,0.8826345008178214
sim_drift_strength3.0,1.109039951546262
sim_drift_strength3.0,0.4787413587092404
sim_drift_strength3.0,0.9900862622748381
sim_drift_strength3.0,0.002556862164800222
sim_drift_strength3.0,0.8110218441523891
sim_drift_strength3.0,1.0242079524764733
sim_drift_strength3.0,0.5277010341078956
sim_drift_strength3.0,1.043104484907592
sim_drift_strength3.0,0.9183345828705933
sim_drift_strength3.0,0.8981613736044505
sim_drift_strength3.0,0.405952446758719
sim_drift_strength3.0,0.7072094701969105
sim_drift_strength3.0,0.3204009610688807
sim_drift_strength3.0,1.513226178534235
sim_drift_strength3.0,0.5344179478312041
sim_drift_strength3.0,0.07711843888559144
sim_drift_strength3.0,1.3457896484142031
sim_drift_strength3.0,1.1714735586371
sim_drift_strength3.0,0.9542838946060543
sim_drift_strength3.0,0.5767437143838343
sim_drift_strength3.0,1.3518927726997259
sim_drift_strength3.0,0.04694031084200034
sim_drift_strength3.0,0.4926114323558277
sim_drift_strength3.0,0.8365935022130664
sim_drift_strength3.0,0.42280302472820175
sim_drift_strength3.0,0.7874783534374439
sim_drift_strength3.0,1.0391353168718336
sim_drift_strength3.0,1.2761585291389945
sim_drift_strength3.0,1.601641069498461
sim_drift_strength3.0,1.0890896466732949
sim_drift_strength3.0,0.6512528079335667
sim_drift_strength3.0,0.9253069751401046
sim_drift_strength3.0,0.6246700306448822
sim_drift_strength3.0,1.6831192710850011
sim_drift_strength3.0,1.1290113602574552
sim_drift_strength3.0,0.12013261131078323
sim_drift_strength3.0,0.40160469886019357
sim_drift_strength3.0,0.7873008393950132
sim_drift_strength3.0,0.5451548346797503
sim_drift_strength3.0,0.7742412377424452
sim_drift_strength3.0,1.0818091563751864
sim_drift_strength3.0,0.6353500810698423
sim_drift_strength3.0,0.853608839349854
sim_drift_strength3.0,1.6887071134321383
sim_drift_strength3.0,0.4442742978817389
sim_drift_strength3.0,0.8753225402526077
sim_drift_strength3.0,0.6776895542709829
sim_drift_strength3.0,0.9564381033992184
sim_drift_strength3.0,1.1421286205777887
sim_drift_strength3.0,0.12636471206044053
sim_drift_strength3.0,1.1681128672077774
sim_drift_strength3.0,0.1695330190392843
sim_drift_strength3.0,1.8232624704463616
sim_drift_strength3.0,0.4054021739148048
sim_drift_strength3.0,0.2799702861582265
sim_drift_strength3.0,1.9801874735198384
sim_drift_strength3.0,0.12282992966248685
sim_drift_strength3.0,0.33283891003872146
sim_drift_strength3.0,0.6169660158967778
sim_drift_strength3.0,1.6546340286390526
sim_drift_strength3.0,0.12389083151314839
sim_drift_strength3.0,1.046327283149802
sim_drift_strength3.0,1.167927629407516
sim_drift_strength3.0,1.6366529195398325
sim_drift_strength3.0,0.4391041134237881
sim_drift_strength3.0,0.4866212115095383
sim_drift_strength3.0,0.60610099075567
sim_drift_strength3.0,1.7835985819244753
sim_drift_strength3.0,1.3188174243905122
sim_drift_strength3.0,1.145299671642153
sim_drift_strength3.0,0.25829940037589516
sim_drift_strength3.0,0.11371640544811079
sim_drift_strength3.0,0.7429798183291965
sim_drift_strength3.0,1.160417806190961
sim_drift_strength3.0,0.41673010927729237
sim_drift_strength3.0,0.34520581722792976
sim_drift_strength3.0,0.6862240156986088
sim_drift_strength3.0,1.1833793544960223
sim_drift_strength3.0,0.5585070353016812
sim_drift_strength3.0,0.40651804369922306
sim_drift_strength3.0,0.1143855041780224
sim_drift_strength3.0,0.6100382281898735
sim_drift_strength3.0,0.3261249059203104
sim_drift_strength3.0,0.9250313541818374
sim_drift_strength3.0,0.01547760139187293
sim_drift_strength3.0,0.43922073615328383
sim_drift_strength3.0,1.1996790270333317
sim_drift_strength3.0,1.4265816147851167
sim_drift_strength3.0,0.27295309912830934
sim_drift_strength3.0,0.5750122253488135
sim_drift_strength3.0,0.9698466124149476
sim_drift_strength3.0,0.2511832051285037
sim_drift_strength3.0,0.4679899577563438
sim_drift_strength3.0,0.4634574205068853
sim_drift_strength3.0,0.16638155680527866
sim_drift_strength3.0,0.692121658247534
sim_drift_strength3.0,0.3188404039643231
sim_drift_strength3.0,0.748933715482444
sim_drift_strength3.0,0.21888856020811964
sim_drift_strength3.0,1.7738292551821546
sim_drift_strength3.0,1.0594577243789658
sim_drift_strength3.0,0.7486738525382881
sim_drift_strength3.0,0.1146326995032867
sim_drift_strength3.0,0.19195005190087677
sim_drift_strength3.0,0.10734645108023777
sim_drift_strength3.0,1.317600628728198
sim_drift_strength3.0,1.2117570984243118
sim_drift_strength3.0,1.2115420505881218
sim_drift_strength3.0,0.3399380937133589
sim_drift_strength3.0,0.5367859829436261
sim_drift_strength3.0,0.8462352812490206
sim_drift_strength3.0,1.1908397534267414
sim_drift_strength3.0,0.9343547078330134
sim_drift_strength3.0,0.23664225462818145
sim_drift_strength3.0,0.9390445628997783
sim_drift_strength3.0,1.7128820368589763
sim_drift_strength3.0,0.7122306518431296
sim_drift_strength3.0,0.7086609238989752
sim_drift_strength3.0,0.871929237065082
sim_drift_strength3.0,0.7312655024730628
sim_drift_strength3.0,0.8053375354775127
sim_drift_strength3.0,0.0785224810543319
sim_drift_strength3.0,1.1728638720496107
sim_drift_strength3.0,0.7294401544954185
sim_drift_strength3.0,0.53888840921885
sim_drift_strength3.0,0.5696478178879989
sim_drift_strength3.0,0.3263818776441765
sim_drift_strength3.0,0.013106119677368078
sim_drift_strength3.0,0.5725545707740762
sim_drift_strength3.0,0.03882785706562952
sim_drift_strength3.0,1.902518584589675
sim_drift_strength3.0,1.480060921614359
sim_drift_strength3.0,0.5452997535888011
sim_drift_strength3.0,1.2442711405113815
sim_drift_strength3.0,1.5645562231770613
sim_drift_strength3.0,2.013876749413651
sim_drift_strength3.0,1.0824117885223714
sim_drift_strength3.0,0.06848815341255143
sim_drift_strength3.0,1.0304758044433688
sim_drift_strength3.0,0.6935881564006428
sim_drift_strength3.0,0.8217851086423096
sim_drift_strength3.0,1.3526690699427055
sim_drift_strength3.0,1.0061281165163534
sim_drift_strength3.0,0.4341701629485417
sim_drift_strength3.0,0.3471508078564636
sim_drift_strength3.0,0.553676144571801
sim_drift_strength3.0,1.0059344246113429
sim_drift_strength3.0,0.14169726996380128
sim_drift_strength3.0,1.7493803874121703
sim_drift_strength3.0,0.09907723310457328
sim_drift_strength3.0,1.3493258157167212
sim_drift_strength3.0,1.3739282825707146
sim_drift_strength3.0,0.8141161180600385
sim_drift_strength3.0,1.1436418352763686
sim_drift_strength3.0,0.16920142443081332
sim_drift_strength3.0,0.02435052463330578
sim_drift_strength3.0,0.2675816779431095
sim_drift_strength3.0,0.9783247328009974
sim_drift_strength3.0,0.6971145720695202
sim_drift_strength3.0,1.3050267588670312
