region,epiweek,release_date,issue,lag,ili,wili,num_ili,num_patients,num_providers,year,week
nat,201001,2013-12-31,201352,207,1.98283823623218,1.90711760430302,14299,721138,1996,2010,1
nat,201002,2013-12-31,201352,206,1.82748623353375,1.86737529968374,14088,770895,2016,2010,2
nat,201003,2013-12-31,201352,205,1.92605625070969,1.88072330631514,14757,766177,2053,2010,3
nat,201004,2013-12-31,201352,204,1.92494717278953,1.96908433236079,15122,785580,2026,2010,4
nat,201005,2013-12-31,201352,203,2.0887684250423,2.11386811062075,16037,767773,1996,2010,5
nat,201006,2013-12-31,201352,202,2.03434082648651,2.09694583121344,15381,756068,1977,2010,6
nat,201007,2013-12-31,201352,201,1.97649460514715,1.90294345645018,15065,762208,1954,2010,7
nat,201008,2013-12-31,201352,200,1.99361774638287,1.96951462278194,16087,806925,1990,2010,8
nat,201009,2013-12-31,201352,199,1.85382596354543,1.92331036712421,14486,781411,1953,2010,9
nat,201010,2013-12-31,201352,198,1.86730358448397,1.89658616483482,14354,768702,1946,2010,10
nat,201011,2013-12-31,201352,197,1.69986766366336,1.75180555050134,12601,741293,1933,2010,11
nat,201012,2013-12-31,201352,196,1.49740820329748,1.52631922263178,11191,747358,1917,2010,12
nat,201013,2013-12-31,201352,195,1.45111877208932,1.49571988362904,10359,713863,1875,2010,13
nat,201014,2013-12-31,201352,194,1.20714782732567,1.22313021684613,8813,730068,1850,2010,14
nat,201015,2013-12-31,201352,193,1.1741508052025,1.17754240902,8801,749563,1831,2010,15
nat,201016,2013-12-31,201352,192,1.16206676116624,1.09111851417293,8362,719580,1765,2010,16
nat,201017,2013-12-31,201352,191,1.17213431214881,1.11957937083649,8440,720054,1755,2010,17
nat,201018,2013-12-31,201352,190,1.12167653365951,1.08168511952067,7914,705551,1710,2010,18
nat,201019,2013-12-31,201352,189,1.14981162628807,1.12497482672273,7697,669414,1664,2010,19
nat,201020,2013-12-31,201352,188,1.13327579756352,1.0619697897527,7603,670887,1624,2010,20
nat,201021,2013-12-31,201352,187,1.08171331519166,1.08908766932167,6853,633532,1497,2010,21
nat,201022,2013-12-31,201352,186,1.19958601095361,1.17760142013009,6595,549773,1421,2010,22
nat,201023,2013-12-31,201352,185,0.95280825954795,0.974930395182935,5755,604004,1435,2010,23
nat,201024,2013-12-31,201352,184,0.916032112818763,0.987131780132296,5316,580329,1405,2010,24
nat,201025,2013-12-31,201352,183,0.926582172934212,0.99599053755025,5334,575664,1384,2010,25
nat,201026,2013-12-31,201352,182,0.869619711871655,0.904726272396402,4718,542536,1347,2010,26
nat,201027,2013-12-31,201352,181,0.903133146199371,0.941927007840111,4691,519414,1353,2010,27
nat,201028,2013-12-31,201352,180,0.773775692770479,0.880415229455867,4234,547187,1284,2010,28
nat,201029,2013-12-31,201352,179,0.742774403429925,0.842614661882896,3950,531790,1265,2010,29
nat,201030,2013-12-31,201352,178,0.730934475995922,0.858382365250436,3850,526723,1250,2010,30
nat,201031,2013-12-31,201352,177,0.786881828762007,0.833830394847588,4077,518121,1241,2010,31
nat,201032,2013-12-31,201352,176,0.763050679663405,0.847436542815637,4008,525260,1212,2010,32
nat,201033,2013-12-31,201352,175,0.841043206314339,0.888273269260976,4518,537190,1225,2010,33
nat,201034,2013-12-31,201352,174,0.791572794251964,0.76537228790335,4420,558382,1235,2010,34
nat,201035,2013-12-31,201352,173,0.912731760403811,0.91858044292525,5007,548573,1170,2010,35
nat,201036,2013-12-31,201352,172,1.03397647058824,1.01431787184839,5493,531250,1198,2010,36
nat,201037,2013-12-31,201352,171,0.934009119726069,1.01232561233888,5510,589930,1210,2010,37
nat,201038,2013-12-31,201352,170,1.08188875532238,1.11803281725652,6741,623077,1206,2010,38
nat,201039,2013-12-31,201352,169,1.06562601148547,1.11805942184768,6387,599366,1254,2010,39
nat,201040,2017-10-24,201740,365,1.13505,1.10939,8473,746485,1838,2010,40
nat,201041,2017-10-24,201740,364,1.25256,1.24341,9347,746230,1875,2010,41
nat,201042,2017-10-24,201740,363,1.2457,1.25726,9684,777397,1907,2010,42
nat,201043,2017-10-24,201740,362,1.26774,1.25734,9904,781234,1929,2010,43
nat,201044,2017-10-24,201740,361,1.43723,1.43414,11020,766753,1947,2010,44
nat,201045,2017-10-24,201740,360,1.53341,1.51838,11807,769982,1940,2010,45
nat,201046,2017-10-24,201740,359,1.69445,1.61617,13336,787038,1921,2010,46
nat,201047,2017-10-24,201740,358,1.9915,1.84378,12079,606527,1938,2010,47
nat,201048,2017-10-24,201740,357,1.81305,1.72535,13997,772016,1964,2010,48
nat,201049,2017-10-24,201740,356,2.01426,1.87923,14958,742606,1936,2010,49
nat,201050,2017-10-24,201740,355,2.55659,2.3371,18022,704923,1916,2010,50
nat,201051,2017-10-24,201740,354,3.38185,3.03533,19899,588406,1840,2010,51
nat,201052,2017-10-24,201740,353,3.43172,3.136,20346,592880,1887,2010,52
nat,201101,2017-10-24,201740,352,2.69151,2.53336,20026,744043,1923,2011,1
nat,201102,2017-10-24,201740,351,2.91063,2.91288,20721,711908,1921,2011,2
nat,201103,2017-10-24,201740,350,3.49232,3.44497,26257,751850,1964,2011,3
nat,201104,2017-10-24,201740,349,4.0037,4.16185,31975,798637,1947,2011,4
nat,201105,2017-10-24,201740,348,4.43534,4.55159,34284,772974,1970,2011,5
nat,201106,2017-10-24,201740,347,4.24215,4.46504,34456,812230,1961,2011,6
nat,201107,2017-10-24,201740,346,4.39719,4.55124,36567,831600,1910,2011,7
nat,201108,2017-10-24,201740,345,3.90256,4.0822,31277,801449,1908,2011,8
nat,201109,2017-10-24,201740,344,3.15073,3.38812,24627,781629,1860,2011,9
nat,201110,2017-10-24,201740,343,2.72422,2.99142,20377,747993,1829,2011,10
nat,201111,2017-10-24,201740,342,2.33336,2.61542,17309,741807,1823,2011,11
nat,201112,2017-10-24,201740,341,1.925,2.09065,14031,728883,1790,2011,12
nat,201113,2017-10-24,201740,340,1.75243,1.86146,12957,739375,1770,2011,13
nat,201114,2017-10-24,201740,339,1.57704,1.61377,11498,729089,1723,2011,14
nat,201115,2017-10-24,201740,338,1.35766,1.42199,9391,691707,1681,2011,15
nat,201116,2017-10-24,201740,337,1.31223,1.3382,8695,662612,1651,2011,16
nat,201117,2017-10-24,201740,336,1.14937,1.19995,7830,681240,1612,2011,17
nat,201118,2017-10-24,201740,335,1.11451,1.14889,7307,655627,1585,2011,18
nat,201119,2017-10-24,201740,334,1.10984,1.12194,7236,651983,1556,2011,19
nat,201120,2017-10-24,201740,333,1.0524,1.06712,6530,620485,1516,2011,20
nat,201121,2017-10-24,201740,332,1.03536,1.05058,6072,586460,1381,2011,21
nat,201122,2017-10-24,201740,331,1.11777,1.15203,5946,531954,1357,2011,22
nat,201123,2017-10-24,201740,330,0.982949,0.970975,5547,564322,1296,2011,23
nat,201124,2017-10-24,201740,329,0.925194,0.894683,4989,539238,1279,2011,24
nat,201125,2017-10-24,201740,328,0.835531,0.843568,4448,532356,1251,2011,25
nat,201126,2017-10-24,201740,327,0.832393,0.815409,4218,506732,1225,2011,26
nat,201127,2017-10-24,201740,326,0.855591,0.823052,4009,468565,1211,2011,27
nat,201128,2017-10-24,201740,325,0.706949,0.674635,3721,526346,1220,2011,28
nat,201129,2017-10-24,201740,324,0.694387,0.631883,3597,518011,1203,2011,29
nat,201130,2017-10-24,201740,323,0.687976,0.641513,3538,514262,1179,2011,30
nat,201131,2017-10-24,201740,322,0.644743,0.529813,3202,496632,1175,2011,31
nat,201132,2017-10-24,201740,321,0.67533,0.644089,3523,521671,1175,2011,32
nat,201133,2017-10-24,201740,320,0.72823,0.667718,3874,531975,1191,2011,33
nat,201134,2017-10-24,201740,319,0.806526,0.705668,4444,551005,1195,2011,34
nat,201135,2017-10-24,201740,318,0.860408,0.804155,4717,548228,1200,2011,35
nat,201136,2017-10-24,201740,317,0.936075,0.907804,4813,514168,1184,2011,36
nat,201137,2017-10-24,201740,316,0.966683,1.00555,5567,575887,1196,2011,37
nat,201138,2017-10-24,201740,315,0.996007,1.03601,5822,584534,1201,2011,38
nat,201139,2017-10-24,201740,314,1.10846,1.07583,6708,605162,1213,2011,39
nat,201140,2017-10-24,201740,313,1.20345,1.16092,9365,778182,1850,2011,40
nat,201141,2017-10-24,201740,312,1.23777,1.19785,9803,791987,1883,2011,41
nat,201142,2017-10-24,201740,311,1.25259,1.27926,9958,794995,1905,2011,42
nat,201143,2017-10-24,201740,310,1.30546,1.29194,10298,788840,1900,2011,43
nat,201144,2017-10-24,201740,309,1.45295,1.42824,11396,784334,1925,2011,44
nat,201145,2017-10-24,201740,308,1.44089,1.39803,11496,797839,1946,2011,45
nat,201146,2017-10-24,201740,307,1.46221,1.45831,11721,801594,1900,2011,46
nat,201147,2017-10-24,201740,306,1.65573,1.56548,10377,626731,1918,2011,47
nat,201148,2017-10-24,201740,305,1.46606,1.34313,11479,782984,1904,2011,48
nat,201149,2017-10-24,201740,304,1.51811,1.48139,11187,736905,1898,2011,49
nat,201150,2017-10-24,201740,303,1.66429,1.63398,12137,729258,1872,2011,50
nat,201151,2017-10-24,201740,302,1.85274,1.83126,11958,645424,1851,2011,51
nat,201152,2017-10-24,201740,301,2.12413,2.10451,12356,581697,1821,2011,52
nat,201201,2017-10-24,201740,300,1.76709,1.73625,11992,678631,1891,2012,1
nat,201202,2017-10-24,201740,299,1.5434,1.55066,11543,747894,1883,2012,2
nat,201203,2017-10-24,201740,298,1.64762,1.62891,11939,724623,1887,2012,3
nat,201204,2017-10-24,201740,297,1.6843,1.76038,13209,784244,1891,2012,4
nat,201205,2017-10-24,201740,296,1.86354,1.92728,14448,775298,1885,2012,5
nat,201206,2017-10-24,201740,295,1.86408,1.91994,14624,784516,1875,2012,6
nat,201207,2017-10-24,201740,294,2.01839,2.09951,15929,789193,1884,2012,7
nat,201208,2017-10-24,201740,293,2.10385,2.23973,16137,767022,1853,2012,8
nat,201209,2017-10-24,201740,292,2.09555,2.21921,16518,788242,1826,2012,9
nat,201210,2017-10-24,201740,291,2.10398,2.16693,15763,749198,1816,2012,10
nat,201211,2017-10-24,201740,290,2.2941,2.38913,17150,747570,1819,2012,11
nat,201212,2017-10-24,201740,289,1.92223,1.96466,14524,755579,1780,2012,12
nat,201213,2017-10-24,201740,288,1.74239,1.84229,13017,747079,1753,2012,13
nat,201214,2017-10-24,201740,287,1.67601,1.68674,11930,711808,1729,2012,14
nat,201215,2017-10-24,201740,286,1.49637,1.53136,10732,717202,1707,2012,15
nat,201216,2017-10-24,201740,285,1.38202,1.37912,10123,732480,1699,2012,16
nat,201217,2017-10-24,201740,284,1.28926,1.29515,9370,726772,1675,2012,17
nat,201218,2017-10-24,201740,283,1.35803,1.39521,8999,662649,1564,2012,18
nat,201219,2017-10-24,201740,282,1.30833,1.32522,8576,655492,1546,2012,19
nat,201220,2017-10-24,201740,281,1.26692,1.23059,8062,636347,1503,2012,20
nat,201221,2017-10-24,201740,280,1.27731,1.23028,7878,616765,1415,2012,21
nat,201222,2017-10-24,201740,279,1.2991,1.26877,7153,550614,1409,2012,22
nat,201223,2017-10-24,201740,278,1.16297,1.10782,6765,581700,1365,2012,23
nat,201224,2017-10-24,201740,277,1.08612,1.09559,6133,564670,1289,2012,24
nat,201225,2017-10-24,201740,276,1.0568,1.11031,6048,572296,1295,2012,25
nat,201226,2017-10-24,201740,275,1.07871,1.10616,5786,536380,1260,2012,26
nat,201227,2017-10-24,201740,274,1.04662,1.10816,5291,505533,1271,2012,27
nat,201228,2017-10-24,201740,273,0.928152,0.999444,5185,558637,1240,2012,28
nat,201229,2017-10-24,201740,272,0.901936,0.924199,4931,546713,1223,2012,29
nat,201230,2017-10-24,201740,271,0.915356,0.949257,5103,557488,1250,2012,30
nat,201231,2017-10-24,201740,270,0.952548,0.978903,5159,541600,1240,2012,31
nat,201232,2017-10-24,201740,269,0.916661,0.925024,5026,548294,1248,2012,32
nat,201233,2017-10-24,201740,268,0.901787,0.848456,5051,560110,1238,2012,33
nat,201234,2017-10-24,201740,267,1.03315,1.04451,6141,594395,1238,2012,34
nat,201235,2017-10-24,201740,266,1.05238,1.0986,6318,600354,1238,2012,35
nat,201236,2017-10-24,201740,265,1.12713,1.22071,6296,558585,1242,2012,36
nat,201237,2017-10-24,201740,264,1.1866,1.24976,7382,622114,1252,2012,37
nat,201238,2017-10-24,201740,263,1.21415,1.22892,7656,630563,1268,2012,38
nat,201239,2017-10-24,201740,262,1.25198,1.29393,7807,623572,1248,2012,39
nat,201240,2017-10-24,201740,261,1.20559,1.23034,9395,779285,1932,2012,40
nat,201241,2017-10-24,201740,260,1.31929,1.3278,10158,769959,1940,2012,41
nat,201242,2017-10-24,201740,259,1.32737,1.33995,10585,797444,1968,2012,42
nat,201243,2017-10-24,201740,258,1.36688,1.37842,10913,798388,1958,2012,43
nat,201244,2017-10-24,201740,257,1.50535,1.50085,11061,734781,1929,2012,44
nat,201245,2017-10-24,201740,256,1.61273,1.65163,12674,785871,1974,2012,45
nat,201246,2017-10-24,201740,255,1.75208,1.76746,13623,777534,1966,2012,46
nat,201247,2017-10-24,201740,254,2.33365,2.30609,14650,627772,1968,2012,47
nat,201248,2017-10-24,201740,253,2.2268,2.16324,18521,831730,2006,2012,48
nat,201249,2017-10-24,201740,252,2.97657,2.83038,24877,835762,2006,2012,49
nat,201250,2017-10-24,201740,251,3.62552,3.43761,29432,811800,1977,2012,50
nat,201251,2017-10-24,201740,250,4.5532,4.30554,34332,754019,1908,2012,51
nat,201252,2017-10-24,201740,249,6.02598,6.06082,36588,607171,1905,2012,52
nat,201301,2017-10-24,201740,248,4.96368,4.64931,34103,687051,1982,2013,1
nat,201302,2017-10-24,201740,247,4.69072,4.32584,39896,850531,1995,2013,2
nat,201303,2017-10-24,201740,246,4.70473,4.51113,39441,838326,2008,2013,3
nat,201304,2017-10-24,201740,245,4.1646,4.2171,32426,778610,1978,2013,4
nat,201305,2017-10-24,201740,244,3.69533,3.78956,29808,806640,1963,2013,5
nat,201306,2017-10-24,201740,243,3.2363,3.29206,24987,772086,1931,2013,6
nat,201307,2017-10-24,201740,242,2.89421,3.0197,22321,771229,1926,2013,7
nat,201308,2017-10-24,201740,241,2.71742,2.71499,20519,755092,1940,2013,8
nat,201309,2017-10-24,201740,240,2.52297,2.4845,19231,762238,1893,2013,9
nat,201310,2017-10-24,201740,239,2.55227,2.57808,18829,737736,1884,2013,10
nat,201311,2017-10-24,201740,238,2.43225,2.39237,17392,715059,1846,2013,11
nat,201312,2017-10-24,201740,237,2.10851,2.06778,15254,723449,1825,2013,12
nat,201313,2017-10-24,201740,236,1.94725,1.90281,13714,704276,1811,2013,13
nat,201314,2017-10-24,201740,235,1.74859,1.65902,12273,701881,1769,2013,14
nat,201315,2017-10-24,201740,234,1.49713,1.43006,10818,722583,1742,2013,15
nat,201316,2017-10-24,201740,233,1.32313,1.27757,9188,694415,1732,2013,16
nat,201317,2017-10-24,201740,232,1.22647,1.19009,8589,700300,1711,2013,17
nat,201318,2017-10-24,201740,231,1.19614,1.09556,7986,667648,1675,2013,18
nat,201319,2017-10-24,201740,230,1.19049,1.08589,7704,647130,1630,2013,19
nat,201320,2017-10-24,201740,229,1.17426,1.07343,7317,623114,1582,2013,20
nat,201321,2017-10-24,201740,228,1.13342,1.01677,6589,581338,1489,2013,21
nat,201322,2017-10-24,201740,227,1.14306,1.04847,6190,541528,1486,2013,22
nat,201323,2017-10-24,201740,226,1.00881,0.920349,5638,558875,1421,2013,23
nat,201324,2017-10-24,201740,225,1.02358,0.920779,5539,541138,1419,2013,24
nat,201325,2017-10-24,201740,224,1.00138,0.904333,5474,546643,1405,2013,25
nat,201326,2017-10-24,201740,223,0.909498,0.83057,4915,540408,1389,2013,26
nat,201327,2017-10-24,201740,222,0.950042,0.862837,4506,474295,1357,2013,27
nat,201328,2017-10-24,201740,221,0.829299,0.732182,4510,543833,1362,2013,28
nat,201329,2017-10-24,201740,220,0.802109,0.724558,4186,521874,1341,2013,29
nat,201330,2017-10-24,201740,219,0.806333,0.740848,4233,524969,1325,2013,30
nat,201331,2017-10-24,201740,218,0.796937,0.726037,3886,487617,1290,2013,31
nat,201332,2017-10-24,201740,217,0.779136,0.755639,4075,523015,1299,2013,32
nat,201333,2017-10-24,201740,216,0.797653,0.761847,4168,522533,1276,2013,33
nat,201334,2017-10-24,201740,215,0.825485,0.779896,4317,522965,1265,2013,34
nat,201335,2017-10-24,201740,214,0.935469,0.899138,5053,540157,1260,2013,35
nat,201336,2017-10-24,201740,213,1.04345,0.999524,5626,539175,1317,2013,36
nat,201337,2017-10-24,201740,212,1.09107,1.0558,6374,584196,1307,2013,37
nat,201338,2017-10-24,201740,211,1.20108,1.0967,7110,591969,1290,2013,38
nat,201339,2017-10-24,201740,210,1.26179,1.24709,7963,631088,1364,2013,39
nat,201340,2017-10-24,201740,209,1.13249,1.15746,9677,854487,1960,2013,40
nat,201341,2017-10-24,201740,208,1.21121,1.27184,10420,860298,1990,2013,41
nat,201342,2017-10-24,201740,207,1.25682,1.31623,10658,848016,2018,2013,42
nat,201343,2017-10-24,201740,206,1.37097,1.37444,12036,877917,2027,2013,43
nat,201344,2017-10-24,201740,205,1.42956,1.46781,12502,874537,2028,2013,44
nat,201345,2017-10-24,201740,204,1.53588,1.5834,13498,878845,2017,2013,45
nat,201346,2017-10-24,201740,203,1.60267,1.60253,13927,868987,2054,2013,46
nat,201347,2017-10-24,201740,202,1.73267,1.72344,15168,875411,2012,2013,47
nat,201348,2017-10-24,201740,201,2.09858,2.11076,13975,665926,2042,2013,48
nat,201349,2017-10-24,201740,200,2.21374,2.1708,18920,854664,2055,2013,49
nat,201350,2017-10-24,201740,199,2.41674,2.36971,19398,802651,2054,2013,50
nat,201351,2017-10-24,201740,198,3.03071,3.15997,24697,814891,2009,2013,51
nat,201352,2017-10-24,201740,197,4.38724,4.59053,26988,615148,2007,2013,52
nat,201401,2017-10-24,201740,196,4.2112,4.28195,28654,680424,2033,2014,1
nat,201402,2017-10-24,201740,195,3.46492,3.56288,28147,812343,2059,2014,2
nat,201403,2017-10-24,201740,194,3.31698,3.36378,28370,855297,2049,2014,3
nat,201404,2017-10-24,201740,193,3.2407,3.39659,25502,786928,2062,2014,4
nat,201405,2017-10-24,201740,192,2.88598,3.11922,23484,813726,2051,2014,5
nat,201406,2017-10-24,201740,191,2.62172,2.83572,21085,804244,2051,2014,6
nat,201407,2017-10-24,201740,190,2.34067,2.48484,18195,777340,2018,2014,7
nat,201408,2017-10-24,201740,189,2.12059,2.2741,17234,812700,2025,2014,8
nat,201409,2017-10-24,201740,188,1.91094,2.07244,15914,832786,1978,2014,9
nat,201410,2017-10-24,201740,187,1.9023,1.98207,15044,790831,1944,2014,10
nat,201411,2017-10-24,201740,186,1.76619,1.82441,14024,794024,1904,2014,11
nat,201412,2017-10-24,201740,185,1.85791,1.82036,14926,803374,1922,2014,12
nat,201413,2017-10-24,201740,184,1.82094,1.75391,14661,805133,1887,2014,13
nat,201414,2017-10-24,201740,183,1.83453,1.74542,14637,797863,1866,2014,14
nat,201415,2017-10-24,201740,182,1.75446,1.67236,14206,809707,1845,2014,15
nat,201416,2017-10-24,201740,181,1.51636,1.51659,11723,773101,1810,2014,16
nat,201417,2017-10-24,201740,180,1.40334,1.44778,10814,770592,1771,2014,17
nat,201418,2017-10-24,201740,179,1.2593,1.29028,9648,766139,1746,2014,18
nat,201419,2017-10-24,201740,178,1.32482,1.37388,9775,737834,1714,2014,19
nat,201420,2017-10-24,201740,177,1.27576,1.34208,9033,708049,1660,2014,20
nat,201421,2017-10-24,201740,176,1.29483,1.34563,8797,679395,1570,2014,21
nat,201422,2017-10-24,201740,175,1.2261,1.21291,7658,624582,1554,2014,22
nat,201423,2017-10-24,201740,174,1.14538,1.19291,7229,631143,1461,2014,23
nat,201424,2017-10-24,201740,173,1.0678,1.14146,6783,635233,1461,2014,24
nat,201425,2017-10-24,201740,172,1.07269,1.06503,6369,593740,1392,2014,25
nat,201426,2017-10-24,201740,171,1.01298,1.12669,6038,596063,1411,2014,26
nat,201427,2017-10-24,201740,170,0.994705,0.947353,5352,538049,1388,2014,27
nat,201428,2017-10-24,201740,169,0.880862,0.944187,5295,601116,1394,2014,28
nat,201429,2017-10-24,201740,168,0.858173,0.934822,5083,592305,1376,2014,29
nat,201430,2017-10-24,201740,167,0.805152,0.81736,4765,591814,1372,2014,30
nat,201431,2017-10-24,201740,166,0.818781,0.852792,4942,603580,1378,2014,31
nat,201432,2017-10-24,201740,165,0.783735,0.746994,4744,605307,1382,2014,32
nat,201433,2017-10-24,201740,164,0.848703,0.761098,4980,586778,1369,2014,33
nat,201434,2017-10-24,201740,163,0.834146,0.767627,5305,635980,1371,2014,34
nat,201435,2017-10-24,201740,162,0.905981,0.862176,5799,640080,1353,2014,35
nat,201436,2017-10-24,201740,161,1.04506,0.984907,6050,578913,1352,2014,36
nat,201437,2017-10-24,201740,160,1.16816,1.16287,8130,695966,1401,2014,37
nat,201438,2017-10-24,201740,159,1.27649,1.22731,8888,696282,1405,2014,38
nat,201439,2017-10-24,201740,158,1.29758,1.2071,8874,683887,1407,2014,39
nat,201440,2017-10-24,201740,157,1.20612,1.16191,10150,841540,1937,2014,40
nat,201441,2017-10-24,201740,156,1.32485,1.30905,10977,828544,1960,2014,41
nat,201442,2017-10-24,201740,155,1.41192,1.37072,11941,845727,2000,2014,42
nat,201443,2017-10-24,201740,154,1.42547,1.43373,12292,862314,2008,2014,43
nat,201444,2017-10-24,201740,153,1.43909,1.42791,12313,855608,2053,2014,44
nat,201445,2017-10-24,201740,152,1.61532,1.61605,13853,857601,2058,2014,45
nat,201446,2017-10-24,201740,151,1.66473,1.65976,14062,844700,1997,2014,46
nat,201447,2017-10-24,201740,150,2.0058,2.05459,16674,831289,2058,2014,47
nat,201448,2017-10-24,201740,149,2.62227,2.53541,17602,671251,2067,2014,48
nat,201449,2017-10-24,201740,148,2.60749,2.54253,22905,878430,2097,2014,49
nat,201450,2017-10-24,201740,147,3.4178,3.60563,29172,853532,2069,2014,50
nat,201451,2017-10-24,201740,146,4.46555,4.90976,37382,837119,2016,2014,51
nat,201452,2017-10-24,201740,145,6.11497,5.98221,40533,662849,1984,2014,52
nat,201453,2017-10-24,201740,144,5.30979,5.47421,36891,694773,1983,2014,53
nat,201501,2017-10-24,201740,143,4.07898,4.21374,31483,771835,1958,2015,1
nat,201502,2017-10-24,201740,142,3.93762,4.21022,31204,792459,1971,2015,2
nat,201503,2017-10-24,201740,141,4.15076,4.25968,33221,800359,1966,2015,3
nat,201504,2017-10-24,201740,140,3.87899,3.97761,30621,789407,1955,2015,4
nat,201505,2017-10-24,201740,139,3.45794,3.63443,28151,814097,1950,2015,5
nat,201506,2017-10-24,201740,138,3.06359,3.26527,25218,823153,1917,2015,6
nat,201507,2017-10-24,201740,137,2.82646,2.93083,21109,746836,1907,2015,7
nat,201508,2017-10-24,201740,136,2.3599,2.54474,19178,812660,1934,2015,8
nat,201509,2017-10-24,201740,135,2.33472,2.47227,18441,789858,1912,2015,9
nat,201510,2017-10-24,201740,134,2.21286,2.35665,17833,805881,1907,2015,10
nat,201511,2017-10-24,201740,133,2.07619,2.17008,16695,804117,1883,2015,11
nat,201512,2017-10-24,201740,132,2.01267,2.04297,16122,801027,1848,2015,12
nat,201513,2017-10-24,201740,131,1.94192,1.954,14975,771143,1819,2015,13
nat,201514,2017-10-24,201740,130,1.74809,1.72287,13733,785602,1820,2015,14
nat,201515,2017-10-24,201740,129,1.50367,1.53694,12044,800974,1813,2015,15
nat,201516,2017-10-24,201740,128,1.43494,1.38283,10860,756827,1768,2015,16
nat,201517,2017-10-24,201740,127,1.45673,1.46265,11095,761638,1753,2015,17
nat,201518,2017-10-24,201740,126,1.42836,1.38934,10694,748690,1735,2015,18
nat,201519,2017-10-24,201740,125,1.35297,1.3468,9671,714799,1688,2015,19
nat,201520,2017-10-24,201740,124,1.33093,1.25452,9024,678023,1622,2015,20
nat,201521,2017-10-24,201740,123,1.28422,1.21636,7913,616171,1579,2015,21
nat,201522,2017-10-24,201740,122,1.13889,1.16734,6946,609891,1505,2015,22
nat,201523,2017-10-24,201740,121,1.10343,1.04654,6744,611184,1455,2015,23
nat,201524,2017-10-24,201740,120,0.970748,0.943661,5850,602628,1459,2015,24
nat,201525,2017-10-24,201740,119,0.998681,0.935046,5913,592081,1445,2015,25
nat,201526,2017-10-24,201740,118,0.978057,0.934726,5232,534938,1417,2015,26
nat,201527,2017-10-24,201740,117,0.866431,0.864118,5116,590468,1428,2015,27
nat,201528,2017-10-24,201740,116,0.827757,0.806535,4870,588337,1411,2015,28
nat,201529,2017-10-24,201740,115,0.797572,0.742747,4626,580010,1401,2015,29
nat,201530,2017-10-24,201740,114,0.811221,0.737859,4605,567663,1352,2015,30
nat,201531,2017-10-24,201740,113,0.821165,0.743224,4753,578812,1364,2015,31
nat,201532,2017-10-24,201740,112,0.819435,0.805251,4750,579668,1340,2015,32
nat,201533,2017-10-24,201740,111,0.848041,0.816943,5173,609994,1356,2015,33
nat,201534,2017-10-24,201740,110,0.888524,0.814518,5648,635661,1362,2015,34
nat,201535,2017-10-24,201740,109,0.962826,0.86067,5963,619323,1354,2015,35
nat,201536,2017-10-24,201740,108,1.02252,0.886704,5970,583853,1349,2015,36
nat,201537,2017-10-24,201740,107,1.08392,1.00845,7062,651524,1369,2015,37
nat,201538,2017-10-24,201740,106,1.17724,1.06625,7704,654414,1367,2015,38
nat,201539,2017-10-24,201740,105,1.1716,1.05995,7626,650904,1332,2015,39
nat,201540,2017-10-24,201740,104,1.24325,1.22559,10049,808287,1963,2015,40
nat,201541,2017-10-24,201740,103,1.3234,1.31066,10715,809660,1976,2015,41
nat,201542,2017-10-24,201740,102,1.40399,1.3711,11584,825079,1995,2015,42
nat,201543,2017-10-24,201740,101,1.37629,1.39171,11164,811165,1999,2015,43
nat,201544,2017-10-24,201740,100,1.46866,1.43712,12423,845875,2048,2015,44
nat,201545,2017-10-24,201740,99,1.533,1.50165,12676,826877,2028,2015,45
nat,201546,2017-10-24,201740,98,1.60841,1.59805,13484,838344,2023,2015,46
nat,201547,2017-10-24,201740,97,1.90047,1.89668,12158,639738,2000,2015,47
nat,201548,2017-10-24,201740,96,1.73645,1.67728,14617,841777,2040,2015,48
nat,201549,2017-10-24,201740,95,1.81945,1.78296,14986,823657,2020,2015,49
nat,201550,2017-10-24,201740,94,1.96571,1.87336,15396,783227,2000,2015,50
nat,201551,2017-10-24,201740,93,2.42021,2.32148,14839,613128,1978,2015,51
nat,201552,2017-10-24,201740,92,2.41083,2.40991,15679,650356,1949,2015,52
nat,201601,2017-10-24,201740,91,1.98859,1.94328,15654,787192,2004,2016,1
nat,201602,2017-10-24,201740,90,1.98985,1.99796,15517,779809,2005,2016,2
nat,201603,2017-10-24,201740,89,2.1071,2.11829,15661,743249,2008,2016,3
nat,201604,2017-10-24,201740,88,2.19256,2.25112,18143,827482,2026,2016,4
nat,201605,2017-10-24,201740,87,2.30014,2.37116,18944,823602,2007,2016,5
nat,201606,2017-10-24,201740,86,2.67574,2.80035,21774,813755,2000,2016,6
nat,201607,2017-10-24,201740,85,3.02427,3.16475,24681,816098,1993,2016,7
nat,201608,2017-10-24,201740,84,3.11328,3.15183,26423,848718,1956,2016,8
nat,201609,2017-10-24,201740,83,3.32788,3.3321,28468,855439,1952,2016,9
nat,201610,2017-10-24,201740,82,3.5918,3.56024,30481,848628,1922,2016,10
nat,201611,2017-10-24,201740,81,3.09262,3.05479,24894,804948,1898,2016,11
nat,201612,2017-10-24,201740,80,2.78803,2.76732,21940,786936,1900,2016,12
nat,201613,2017-10-24,201740,79,2.52371,2.44161,19603,776752,1832,2016,13
nat,201614,2017-10-24,201740,78,2.12928,2.03348,16769,787543,1813,2016,14
nat,201615,2017-10-24,201740,77,2.05142,1.98593,16261,792672,1805,2016,15
nat,201616,2017-10-24,201740,76,1.98957,1.91514,15437,775895,1774,2016,16
nat,201617,2017-10-24,201740,75,1.7858,1.69968,13836,774777,1759,2016,17
nat,201618,2017-10-24,201740,74,1.60144,1.57635,11870,741210,1742,2016,18
nat,201619,2017-10-24,201740,73,1.4743,1.3935,10707,726244,1690,2016,19
nat,201620,2017-10-24,201740,72,1.42286,1.29941,9798,688612,1626,2016,20
nat,201621,2017-10-24,201740,71,1.38196,1.18379,8787,635835,1439,2016,21
nat,201622,2017-10-24,201740,70,1.33712,1.13723,7997,598077,1482,2016,22
nat,201623,2017-10-24,201740,69,1.13894,1.04118,7201,632252,1446,2016,23
nat,201624,2017-10-24,201740,68,1.09641,0.971814,6768,617287,1440,2016,24
nat,201625,2017-10-24,201740,67,0.999559,0.863306,6024,602666,1402,2016,25
nat,201626,2017-10-24,201740,66,0.99095,0.833797,5686,573793,1382,2016,26
nat,201627,2017-10-24,201740,65,0.931253,0.784516,5118,549582,1379,2016,27
nat,201628,2017-10-24,201740,64,0.843118,0.734327,5078,602288,1392,2016,28
nat,201629,2017-10-24,201740,63,0.840286,0.698845,5044,600272,1388,2016,29
nat,201630,2017-10-24,201740,62,0.830065,0.723099,4925,593327,1393,2016,30
nat,201631,2017-10-24,201740,61,0.790428,0.663501,4596,581457,1360,2016,31
nat,201632,2017-10-24,201740,60,0.830826,0.69276,4868,585923,1329,2016,32
nat,201633,2017-10-24,201740,59,0.856796,0.710029,5265,614499,1345,2016,33
nat,201634,2017-10-24,201740,58,1.00746,0.834232,6260,621362,1356,2016,34
nat,201635,2017-10-24,201740,57,1.05868,0.992621,6504,614349,1354,2016,35
nat,201636,2017-10-24,201740,56,1.10028,1.01605,6623,601938,1347,2016,36
nat,201637,2017-10-24,201740,55,1.1457,1.07169,7639,666755,1365,2016,37
nat,201638,2017-10-24,201740,54,1.2189,1.10163,8229,675119,1363,2016,38
nat,201639,2017-10-24,201740,53,1.31113,1.18841,8505,648678,1389,2016,39
nat,201640,2018-10-05,201839,103,1.25626,1.19763,10920,869249,1956,2016,40
nat,201641,2018-10-05,201839,102,1.29218,1.22887,10997,851042,1977,2016,41
nat,201642,2018-10-05,201839,101,1.33024,1.26723,11926,896532,1986,2016,42
nat,201643,2018-10-05,201839,100,1.42562,1.36226,12648,887194,2008,2016,43
nat,201644,2018-10-05,201839,99,1.56991,1.48468,13790,878396,2001,2016,44
nat,201645,2018-10-05,201839,98,1.65029,1.55838,14258,863967,1993,2016,45
nat,201646,2018-10-05,201839,97,1.73187,1.64639,15160,875353,2002,2016,46
nat,201647,2018-10-05,201839,96,2.03348,1.91196,14208,698702,2013,2016,47
nat,201648,2018-10-05,201839,95,1.88027,1.81129,16605,883118,2005,2016,48
nat,201649,2018-10-05,201839,94,2.00307,1.91669,16976,847500,2018,2016,49
nat,201650,2018-10-05,201839,93,2.27465,2.20671,18463,811687,2005,2016,50
nat,201651,2018-10-05,201839,92,2.9137,2.73096,21570,740295,1982,2016,51
nat,201652,2018-10-05,201839,91,3.54769,3.36152,24900,701866,1931,2016,52
nat,201701,2018-10-05,201839,90,3.07969,3.09232,24178,785080,2028,2017,1
nat,201702,2018-10-05,201839,89,3.02096,3.07623,24904,824374,2001,2017,2
nat,201703,2018-10-05,201839,88,3.40075,3.50708,28759,845666,2033,2017,3
nat,201704,2018-10-05,201839,87,3.53148,3.79872,31221,884076,2024,2017,4
nat,201705,2018-10-05,201839,86,4.04671,4.43601,36510,902215,2029,2017,5
nat,201706,2018-10-05,201839,85,4.75345,5.06094,42890,902292,2030,2017,6
nat,201707,2018-10-05,201839,84,4.65322,4.85988,41098,883216,1973,2017,7
nat,201708,2018-10-05,201839,83,4.56893,4.57809,40124,878193,1990,2017,8
nat,201709,2018-10-05,201839,82,3.45379,3.55555,30183,873909,1998,2017,9
nat,201710,2018-10-05,201839,81,3.29578,3.50492,28051,851118,1973,2017,10
nat,201711,2018-10-05,201839,80,3.16311,3.21406,25484,805664,1961,2017,11
nat,201712,2018-10-05,201839,79,3.1402,3.09854,27371,871632,1943,2017,12
nat,201713,2018-10-05,201839,78,2.88096,2.79765,24375,846072,1904,2017,13
nat,201714,2018-10-05,201839,77,2.36989,2.38646,19684,830587,1910,2017,14
nat,201715,2018-10-05,201839,76,1.93539,1.96699,15552,803557,1865,2017,15
nat,201716,2018-10-05,201839,75,1.6406,1.73523,13012,793124,1850,2017,16
nat,201717,2018-10-05,201839,74,1.47817,1.5635,11955,808770,1850,2017,17
nat,201718,2018-10-05,201839,73,1.36819,1.4041,10763,786659,1800,2017,18
nat,201719,2018-10-05,201839,72,1.33856,1.27729,10188,761114,1770,2017,19
nat,201720,2018-10-05,201839,71,1.34625,1.28245,9809,728618,1749,2017,20
nat,201721,2018-10-05,201839,70,1.26487,1.16589,8564,677064,1617,2017,21
nat,201722,2018-10-05,201839,69,1.25688,1.10922,7757,617165,1572,2017,22
nat,201723,2018-10-05,201839,68,1.15799,1.04387,7558,652681,1498,2017,23
nat,201724,2018-10-05,201839,67,1.04831,0.905089,6636,633019,1472,2017,24
nat,201725,2018-10-05,201839,66,0.988607,0.900337,6264,633619,1502,2017,25
nat,201726,2018-10-05,201839,65,0.961605,0.859539,5596,581944,1424,2017,26
nat,201727,2018-10-05,201839,64,0.955645,0.818831,5326,557320,1461,2017,27
nat,201728,2018-10-05,201839,63,0.82743,0.752503,4961,599567,1410,2017,28
nat,201729,2018-10-05,201839,62,0.814071,0.7372,4764,585207,1403,2017,29
nat,201730,2018-10-05,201839,61,0.818115,0.733096,4880,596493,1382,2017,30
nat,201731,2018-10-05,201839,60,0.829757,0.73102,4899,590414,1393,2017,31
nat,201732,2018-10-05,201839,59,0.828501,0.688338,4915,593240,1390,2017,32
nat,201733,2018-10-05,201839,58,0.885896,0.732049,5230,590363,1351,2017,33
nat,201734,2018-10-05,201839,57,1.05599,0.911641,6682,632771,1382,2017,34
nat,201735,2018-10-05,201839,56,1.11768,1.02105,7133,638196,1371,2017,35
nat,201736,2018-10-05,201839,55,1.13843,1.09335,7073,621296,1386,2017,36
nat,201737,2018-10-05,201839,54,1.13416,1.09515,8317,733316,1486,2017,37
nat,201738,2018-10-05,201839,53,1.17508,1.09699,8566,728970,1487,2017,38
nat,201739,2018-10-05,201839,52,1.23773,1.18823,9079,733519,1470,2017,39
nat,201740,2019-10-04,201939,103,1.2802,1.26589,12839,1002892,2220,2017,40
nat,201741,2019-10-04,201939,102,1.33123,1.30479,13267,996595,2245,2017,41
nat,201742,2019-10-04,201939,101,1.40786,1.34075,14319,1017076,2266,2017,42
nat,201743,2019-10-04,201939,100,1.5722,1.51674,15832,1006998,2266,2017,43
nat,201744,2019-10-04,201939,99,1.70326,1.74583,17069,1002140,2222,2017,44
nat,201745,2019-10-04,201939,98,1.86636,1.88708,19057,1021079,2288,2017,45
nat,201746,2019-10-04,201939,97,2.07647,2.05923,21892,1054290,2296,2017,46
nat,201747,2019-10-04,201939,96,2.33593,2.27971,19816,848314,2271,2017,47
nat,201748,2019-10-04,201939,95,2.24637,2.28379,23752,1057350,2279,2017,48
nat,201749,2019-10-04,201939,94,2.49504,2.58278,24955,1000183,2272,2017,49
nat,201750,2019-10-04,201939,93,3.2005,3.36558,31502,984283,2262,2017,50
nat,201751,2019-10-04,201939,92,4.43807,4.73117,42782,963978,2211,2017,51
nat,201752,2019-10-04,201939,91,5.46361,5.70943,45255,828299,2132,2017,52
nat,201801,2019-10-04,201939,90,5.35765,5.74658,47269,882271,2243,2018,1
nat,201802,2019-10-04,201939,89,5.52437,5.89207,56761,1027466,2257,2018,2
nat,201803,2019-10-04,201939,88,6.34528,6.51759,63036,993431,2286,2018,3
nat,201804,2019-10-04,201939,87,7.01811,7.16338,77326,1101807,2288,2018,4
nat,201805,2019-10-04,201939,86,7.7809,7.52133,85985,1105078,2275,2018,5
nat,201806,2019-10-04,201939,85,7.76939,7.38748,87825,1130397,2299,2018,6
nat,201807,2019-10-04,201939,84,6.81176,6.44688,76210,1118800,2227,2018,7
nat,201808,2019-10-04,201939,83,5.15749,4.95881,53025,1028116,2272,2018,8
nat,201809,2019-10-04,201939,82,3.55945,3.68612,36064,1013191,2208,2018,9
nat,201810,2019-10-04,201939,81,3.00518,3.18626,29133,969427,2214,2018,10
nat,201811,2019-10-04,201939,80,2.73038,2.76894,25938,949978,2201,2018,11
nat,201812,2019-10-04,201939,79,2.47768,2.48706,23805,960779,2180,2018,12
nat,201813,2019-10-04,201939,78,2.36314,2.40802,20693,875658,2144,2018,13
nat,201814,2019-10-04,201939,77,2.03139,2.07483,19074,938963,2127,2018,14
nat,201815,2019-10-04,201939,76,1.80376,1.77898,16664,923848,2086,2018,15
nat,201816,2019-10-04,201939,75,1.58696,1.61487,14869,936950,2112,2018,16
nat,201817,2019-10-04,201939,74,1.53801,1.5385,14552,946160,2088,2018,17
nat,201818,2019-10-04,201939,73,1.44974,1.52612,13291,916783,2018,2018,18
nat,201819,2019-10-04,201939,72,1.27729,1.28847,11619,909661,1933,2018,19
nat,201820,2019-10-04,201939,71,1.22051,1.18344,11066,906668,1977,2018,20
nat,201821,2019-10-04,201939,70,1.23235,1.24919,10646,863879,1896,2018,21
nat,201822,2019-10-04,201939,69,1.223,1.14131,9608,785606,1802,2018,22
nat,201823,2019-10-04,201939,68,1.0473,0.9878,8693,830040,1798,2018,23
nat,201824,2019-10-04,201939,67,0.978113,0.895565,7573,774246,1753,2018,24
nat,201825,2019-10-04,201939,66,0.947548,0.892204,7373,778114,1773,2018,25
nat,201826,2019-10-04,201939,65,0.867554,0.877184,6947,800757,1736,2018,26
nat,201827,2019-10-04,201939,64,0.82328,0.780203,6258,760130,1780,2018,27
nat,201828,2019-10-04,201939,63,0.771497,0.725075,6501,842647,1785,2018,28
nat,201829,2019-10-04,201939,62,0.706819,0.68247,5786,818597,1748,2018,29
nat,201830,2019-10-04,201939,61,0.685155,0.640393,5497,802300,1741,2018,30
nat,201831,2019-10-04,201939,60,0.687351,0.639127,5612,816468,1724,2018,31
nat,201832,2019-10-04,201939,59,0.735733,0.705637,5861,796621,1690,2018,32
nat,201833,2019-10-04,201939,58,0.806048,0.707801,6537,810994,1725,2018,33
nat,201834,2019-10-04,201939,57,0.944013,0.822659,7323,775731,1610,2018,34
nat,201835,2019-10-04,201939,56,0.960101,0.859864,8111,844807,1681,2018,35
nat,201836,2019-10-04,201939,55,1.14128,1.10083,9530,835027,1710,2018,36
nat,201837,2019-10-04,201939,54,1.14784,1.15323,10065,876862,1708,2018,37
nat,201838,2019-10-04,201939,53,1.31156,1.20178,11189,853109,1684,2018,38
nat,201839,2019-10-04,201939,52,1.26102,1.2498,11767,933130,1710,2018,39
nat,201840,2020-10-02,202039,103,1.41974,1.41876,17975,1266076,2611,2018,40
nat,201841,2020-10-02,202039,102,1.473,1.40077,18652,1266257,2651,2018,41
nat,201842,2020-10-02,202039,101,1.58968,1.47139,19948,1254844,2623,2018,42
nat,201843,2020-10-02,202039,100,1.72208,1.63634,21634,1256271,2678,2018,43
nat,201844,2020-10-02,202039,99,1.84114,1.79125,23169,1258405,2666,2018,44
nat,201845,2020-10-02,202039,98,1.92692,1.86871,24085,1249921,2672,2018,45
nat,201846,2020-10-02,202039,97,2.0852,1.98121,24419,1171062,2665,2018,46
nat,201847,2020-10-02,202039,96,2.40063,2.23487,24635,1026187,2618,2018,47
nat,201848,2020-10-02,202039,95,2.24479,2.14572,29096,1296156,2666,2018,48
nat,201849,2020-10-02,202039,94,2.29962,2.25134,28377,1233986,2658,2018,49
nat,201850,2020-10-02,202039,93,2.73181,2.6411,33113,1212127,2650,2018,50
nat,201851,2020-10-02,202039,92,3.24012,3.13478,38260,1180820,2596,2018,51
nat,201852,2020-10-02,202039,91,4.18077,3.96538,44012,1052725,2581,2018,52
nat,201901,2020-10-02,202039,90,3.63095,3.45972,42135,1160440,2630,2019,1
nat,201902,2020-10-02,202039,89,3.13643,3.07558,38815,1237552,2656,2019,2
nat,201903,2020-10-02,202039,88,3.36213,3.3258,41199,1225384,2658,2019,3
nat,201904,2020-10-02,202039,87,3.88115,3.79773,46241,1191426,2677,2019,4
nat,201905,2020-10-02,202039,86,4.52235,4.34227,55264,1222020,2668,2019,5
nat,201906,2020-10-02,202039,85,5.20091,4.86953,69732,1340765,2673,2019,6
nat,201907,2020-10-02,202039,84,5.42034,5.03689,70056,1292464,2655,2019,7
nat,201908,2020-10-02,202039,83,5.27078,4.8812,66461,1260932,2655,2019,8
nat,201909,2020-10-02,202039,82,4.58991,4.54791,58802,1281115,2658,2019,9
nat,201910,2020-10-02,202039,81,4.39714,4.3762,55431,1260615,2637,2019,10
nat,201911,2020-10-02,202039,80,4.12777,4.22692,53177,1288273,2646,2019,11
nat,201912,2020-10-02,202039,79,3.50278,3.68251,45668,1303765,2653,2019,12
nat,201913,2020-10-02,202039,78,3.04819,3.08559,37948,1244935,2619,2019,13
nat,201914,2020-10-02,202039,77,2.67984,2.69831,32941,1229217,2620,2019,14
nat,201915,2020-10-02,202039,76,2.26612,2.28676,27854,1229148,2568,2019,15
nat,201916,2020-10-02,202039,75,1.96484,2.01217,23147,1178058,2542,2019,16
nat,201917,2020-10-02,202039,74,1.72201,1.71323,20610,1196855,2516,2019,17
nat,201918,2020-10-02,202039,73,1.5728,1.56678,18864,1199386,2485,2019,18
nat,201919,2020-10-02,202039,72,1.45718,1.49827,17107,1173980,2444,2019,19
nat,201920,2020-10-02,202039,71,1.50332,1.49961,16459,1094840,2336,2019,20
nat,201921,2020-10-02,202039,70,1.40257,1.42123,15763,1123869,2224,2019,21
nat,201922,2020-10-02,202039,69,1.40358,1.39258,14776,1052737,2196,2019,22
nat,201923,2020-10-02,202039,68,1.23749,1.21697,13451,1086961,2258,2019,23
nat,201924,2020-10-02,202039,67,1.12161,1.11266,12106,1079343,2206,2019,24
nat,201925,2020-10-02,202039,66,1.01276,0.991888,10695,1056024,2159,2019,25
nat,201926,2020-10-02,202039,65,0.959768,0.946401,10027,1044732,2084,2019,26
nat,201927,2020-10-02,202039,64,0.878917,0.874695,8722,992358,2154,2019,27
nat,201928,2020-10-02,202039,63,0.794181,0.809169,8425,1060841,2111,2019,28
nat,201929,2020-10-02,202039,62,0.766394,0.75452,8116,1058986,2154,2019,29
nat,201930,2020-10-02,202039,61,0.748613,0.732983,7787,1040191,2140,2019,30
nat,201931,2020-10-02,202039,60,0.757116,0.725811,7884,1041320,2151,2019,31
nat,201932,2020-10-02,202039,59,0.770094,0.754209,8060,1046625,2167,2019,32
nat,201933,2020-10-02,202039,58,0.833506,0.729672,8994,1079056,2200,2019,33
nat,201934,2020-10-02,202039,57,0.94034,0.839875,10103,1074399,2170,2019,34
nat,201935,2020-10-02,202039,56,1.08197,0.989358,11904,1100212,2193,2019,35
nat,201936,2020-10-02,202039,55,1.20216,1.1354,13188,1097022,2217,2019,36
nat,201937,2020-10-02,202039,54,1.27291,1.23124,14843,1166071,2247,2019,37
nat,201938,2020-10-02,202039,53,1.3881,1.24448,16001,1152730,2224,2019,38
nat,201939,2020-10-02,202039,52,1.49515,1.3379,17453,1167311,2211,2019,39
nat,201940,2021-10-08,202139,104,1.50284,1.49002,21916,1458307,2912,2019,40
nat,201941,2021-10-08,202139,103,1.59764,1.59192,22954,1436748,2942,2019,41
nat,201942,2021-10-08,202139,102,1.73931,1.72572,24886,1430800,2966,2019,42
nat,201943,2021-10-08,202139,101,1.86039,1.83419,27419,1473831,2997,2019,43
nat,201944,2021-10-08,202139,100,2.01412,2.04008,28910,1435369,3005,2019,44
nat,201945,2021-10-08,202139,99,2.36364,2.39351,34586,1463253,3022,2019,45
nat,201946,2021-10-08,202139,98,2.64428,2.63251,37732,1426928,2991,2019,46
nat,201947,2021-10-08,202139,97,2.97387,2.89941,44161,1484969,2987,2019,47
nat,201948,2021-10-08,202139,96,3.45389,3.41501,44044,1275199,2993,2019,48
nat,201949,2021-10-08,202139,95,3.31281,3.2579,48904,1476208,2995,2019,49
nat,201950,2021-10-08,202139,94,3.86928,3.94308,56444,1458774,2958,2019,50
nat,201951,2021-10-08,202139,93,5.02613,5.06435,71594,1424436,2926,2019,51
nat,201952,2021-10-08,202139,92,7.15315,7.06161,95757,1338669,2917,2019,52
nat,202001,2021-10-08,202139,91,6.21936,5.90066,88731,1426691,2970,2020,1
nat,202002,2021-10-08,202139,90,5.06711,4.9402,75614,1492251,3002,2020,2
nat,202003,2021-10-08,202139,89,5.35768,5.33135,79783,1489132,2995,2020,3
nat,202004,2021-10-08,202139,88,6.02274,6.07822,90150,1496826,2997,2020,4
nat,202005,2021-10-08,202139,87,6.87271,6.74724,108307,1575900,2995,2020,5
nat,202006,2021-10-08,202139,86,7.08558,6.80157,111361,1571657,3005,2020,6
nat,202007,2021-10-08,202139,85,6.22068,6.11292,95418,1533883,2969,2020,7
nat,202008,2021-10-08,202139,84,5.61968,5.52513,80559,1433517,2984,2020,8
nat,202009,2021-10-08,202139,83,5.10268,5.12333,74823,1466346,2947,2020,9
nat,202010,2021-10-08,202139,82,5.28928,5.26652,78779,1489410,2913,2020,10
nat,202011,2021-10-08,202139,81,6.28745,5.66932,89607,1425172,2847,2020,11
nat,202012,2021-10-08,202139,80,7.35285,6.38029,78584,1068755,2810,2020,12
nat,202013,2021-10-08,202139,79,6.22687,4.91692,53142,853431,2738,2020,13
nat,202014,2021-10-08,202139,78,4.82995,3.78625,36251,750546,2696,2020,14
nat,202015,2021-10-08,202139,77,3.47366,2.80122,24974,718953,2698,2020,15
nat,202016,2021-10-08,202139,76,2.57391,2.12907,18274,709970,2679,2020,16
nat,202017,2021-10-08,202139,75,2.02032,1.73315,15164,750576,2663,2020,17
nat,202018,2021-10-08,202139,74,1.6211,1.40939,12821,790883,2635,2020,18
nat,202019,2021-10-08,202139,73,1.35218,1.18657,11058,817791,2624,2020,19
nat,202020,2021-10-08,202139,72,1.23805,1.11444,10480,846493,2613,2020,20
nat,202021,2021-10-08,202139,71,1.07708,1.00711,11416,1059901,2963,2020,21
nat,202022,2021-10-08,202139,70,0.887647,0.889878,9605,1082074,2946,2020,22
nat,202023,2021-10-08,202139,69,0.820978,0.815858,9318,1134988,2925,2020,23
nat,202024,2021-10-08,202139,68,0.814955,0.837779,9572,1174543,2899,2020,24
nat,202025,2021-10-08,202139,67,0.951491,0.929189,11866,1247096,2935,2020,25
nat,202026,2021-10-08,202139,66,1.20333,1.13871,15490,1287264,2892,2020,26
nat,202027,2021-10-08,202139,65,1.38465,1.27591,17826,1287401,2888,2020,27
nat,202028,2021-10-08,202139,64,1.47371,1.34978,20043,1360037,2913,2020,28
nat,202029,2021-10-08,202139,63,1.43806,1.34436,19250,1338613,2887,2020,29
nat,202030,2021-10-08,202139,62,1.21924,1.22126,16523,1355190,2948,2020,30
nat,202031,2021-10-08,202139,61,1.1519,1.15381,15514,1346820,2986,2020,31
nat,202032,2021-10-08,202139,60,1.05776,1.0649,14103,1333292,2945,2020,32
nat,202033,2021-10-08,202139,59,0.980887,0.979173,13131,1338686,2965,2020,33
nat,202034,2021-10-08,202139,58,0.959772,0.967664,12900,1344069,2923,2020,34
nat,202035,2021-10-08,202139,57,0.972423,1.00158,13138,1351058,2957,2020,35
nat,202036,2021-10-08,202139,56,0.915323,0.917339,12232,1336359,2907,2020,36
nat,202037,2021-10-08,202139,55,0.97981,1.02954,13001,1326890,2894,2020,37
nat,202038,2021-10-08,202139,54,0.956785,0.975797,13005,1359239,2921,2020,38
nat,202039,2021-10-08,202139,53,1.0348,1.0586,14457,1397083,2919,2020,39
nat,202040,2022-10-07,202239,104,1.07453,1.0872,16570,1542071,3332,2020,40
nat,202041,2022-10-07,202239,103,1.18497,1.20898,19194,1619788,3373,2020,41
nat,202042,2022-10-07,202239,102,1.09042,1.10874,17281,1584807,3351,2020,42
nat,202043,2022-10-07,202239,101,1.14934,1.18588,18187,1582393,3377,2020,43
nat,202044,2022-10-07,202239,100,1.1881,1.25,18612,1566538,3471,2020,44
nat,202045,2022-10-07,202239,99,1.33548,1.43782,21410,1603163,3470,2020,45
nat,202046,2022-10-07,202239,98,1.37797,1.48426,22623,1641763,3436,2020,46
nat,202047,2022-10-07,202239,97,1.4268,1.54717,22722,1592518,3376,2020,47
nat,202048,2022-10-07,202239,96,1.49601,1.60668,21320,1425127,3378,2020,48
nat,202049,2022-10-07,202239,95,1.44878,1.56586,22305,1539568,3382,2020,49
nat,202050,2022-10-07,202239,94,1.4297,1.52073,22219,1554103,3400,2020,50
nat,202051,2022-10-07,202239,93,1.39828,1.50659,20886,1493692,3340,2020,51
nat,202052,2022-10-07,202239,92,1.45723,1.55413,19852,1362314,3343,2020,52
nat,202053,2022-10-07,202239,91,1.5383,1.5907,22436,1458493,3322,2020,53
nat,202101,2022-10-07,202239,90,1.43493,1.47569,22720,1583355,3358,2021,1
nat,202102,2022-10-07,202239,89,1.26364,1.29196,19194,1518947,3332,2021,2
nat,202103,2022-10-07,202239,88,1.21094,1.25191,18353,1515597,3356,2021,3
nat,202104,2022-10-07,202239,87,1.12256,1.10337,16910,1506379,3367,2021,4
nat,202105,2022-10-07,202239,86,1.08197,1.16554,16101,1488119,3337,2021,5
nat,202106,2022-10-07,202239,85,0.974818,1.00745,14108,1447245,3288,2021,6
nat,202107,2022-10-07,202239,84,0.907497,0.986987,12602,1388655,3297,2021,7
nat,202108,2022-10-07,202239,83,0.860475,0.862967,13347,1551120,3318,2021,8
nat,202109,2022-10-07,202239,82,0.842691,0.82875,13017,1544694,3319,2021,9
nat,202110,2022-10-07,202239,81,0.903419,0.883305,14098,1560517,3325,2021,10
nat,202111,2022-10-07,202239,80,0.939582,0.90874,14580,1551754,3268,2021,11
nat,202112,2022-10-07,202239,79,0.960224,0.948022,15359,1599523,3242,2021,12
nat,202113,2022-10-07,202239,78,0.998001,0.974936,15994,1602603,3301,2021,13
nat,202114,2022-10-07,202239,77,1.07813,1.06411,18148,1683278,3323,2021,14
nat,202115,2022-10-07,202239,76,1.10911,1.08168,19177,1729037,3324,2021,15
nat,202116,2022-10-07,202239,75,1.15017,1.10339,19313,1679142,3290,2021,16
nat,202117,2022-10-07,202239,74,1.1826,1.13164,20134,1702520,3303,2021,17
nat,202118,2022-10-07,202239,73,1.20847,1.1483,19937,1649771,3272,2021,18
nat,202119,2022-10-07,202239,72,1.25476,1.19144,20373,1623653,3255,2021,19
nat,202120,2022-10-07,202239,71,1.26333,1.24686,21266,1683332,3233,2021,20
nat,202121,2022-10-07,202239,70,1.19113,1.14576,19685,1652632,3184,2021,21
nat,202122,2022-10-07,202239,69,1.25152,1.18405,20152,1610198,3182,2021,22
nat,202123,2022-10-07,202239,68,1.14539,1.12999,19188,1675241,3148,2021,23
nat,202124,2022-10-07,202239,67,1.18507,1.19103,19672,1659980,3107,2021,24
nat,202125,2022-10-07,202239,66,1.21019,1.21258,19896,1644041,3093,2021,25
nat,202126,2022-10-07,202239,65,1.2128,1.2132,20103,1657572,3092,2021,26
nat,202127,2022-10-07,202239,64,1.32915,1.26708,22376,1683488,3094,2021,27
nat,202128,2022-10-07,202239,63,1.44259,1.38688,25263,1751226,3103,2021,28
nat,202129,2022-10-07,202239,62,1.70922,1.64767,30554,1787598,3102,2021,29
nat,202130,2022-10-07,202239,61,1.90931,1.799,35221,1844702,3088,2021,30
nat,202131,2022-10-07,202239,60,2.05205,1.94947,37762,1840212,3085,2021,31
nat,202132,2022-10-07,202239,59,2.15537,2.03512,40069,1859035,3079,2021,32
nat,202133,2022-10-07,202239,58,2.30346,2.19023,42753,1856032,3071,2021,33
nat,202134,2022-10-07,202239,57,2.30735,2.23843,43062,1866295,3066,2021,34
nat,202135,2022-10-07,202239,56,2.2523,2.26655,40878,1814941,3067,2021,35
nat,202136,2022-10-07,202239,55,2.21305,2.21303,39438,1782067,3057,2021,36
nat,202137,2022-10-07,202239,54,2.00533,2.04664,36222,1806283,3095,2021,37
nat,202138,2022-10-07,202239,53,1.93726,1.9014,34019,1756033,3076,2021,38
nat,202139,2022-10-07,202239,52,1.84254,1.84504,30002,1628298,2919,2021,39
nat,202140,2023-10-06,202339,103,1.96383,2.03726,39606,2016770,3590,2021,40
nat,202141,2023-10-06,202339,102,1.90565,1.94864,37639,1975130,3580,2021,41
nat,202142,2023-10-06,202339,101,1.86005,1.92538,35684,1918446,3538,2021,42
nat,202143,2023-10-06,202339,100,1.89307,1.9789,36616,1934216,3572,2021,43
nat,202144,2023-10-06,202339,99,2.08583,2.1334,39986,1917029,3578,2021,44
nat,202145,2023-10-06,202339,98,2.22432,2.25788,44242,1989010,3601,2021,45
nat,202146,2023-10-06,202339,97,2.35599,2.41079,47047,1996913,3591,2021,46
nat,202147,2023-10-06,202339,96,2.45722,2.51762,43297,1762035,3584,2021,47
nat,202148,2023-10-06,202339,95,2.56131,2.55244,52671,2056405,3608,2021,48
nat,202149,2023-10-06,202339,94,2.71523,2.72476,55027,2026604,3613,2021,49
nat,202150,2023-10-06,202339,93,3.09817,3.14645,62539,2018579,3584,2021,50
nat,202151,2023-10-06,202339,92,4.07763,4.00686,79184,1941911,3564,2021,51
nat,202152,2023-10-06,202339,91,5.07044,4.90468,113921,2246767,3532,2021,52
nat,202201,2023-10-06,202339,90,4.28249,4.32906,93323,2179176,3562,2022,1
nat,202202,2023-10-06,202339,89,3.41512,3.5344,69158,2025052,3568,2022,2
nat,202203,2023-10-06,202339,88,2.68756,2.82024,48685,1811493,3573,2022,3
nat,202204,2023-10-06,202339,87,1.96884,2.06558,34720,1763472,3554,2022,4
nat,202205,2023-10-06,202339,86,1.55907,1.68092,25809,1655407,3488,2022,5
nat,202206,2023-10-06,202339,85,1.33898,1.44022,23719,1771418,3548,2022,6
nat,202207,2023-10-06,202339,84,1.37013,1.48974,23930,1746548,3545,2022,7
nat,202208,2023-10-06,202339,83,1.369,1.46266,23620,1725348,3546,2022,8
nat,202209,2023-10-06,202339,82,1.42265,1.58728,25789,1812738,3541,2022,9
nat,202210,2023-10-06,202339,81,1.54633,1.70339,28073,1815454,3563,2022,10
nat,202211,2023-10-06,202339,80,1.6781,1.83335,31342,1867703,3535,2022,11
nat,202212,2023-10-06,202339,79,1.73106,1.87057,32433,1873589,3531,2022,12
nat,202213,2023-10-06,202339,78,1.85385,1.97612,34811,1877763,3518,2022,13
nat,202214,2023-10-06,202339,77,1.99356,2.07126,38128,1912563,3526,2022,14
nat,202215,2023-10-06,202339,76,2.12932,2.16302,40953,1923288,3518,2022,15
nat,202216,2023-10-06,202339,75,2.1826,2.20418,42072,1927606,3530,2022,16
nat,202217,2023-10-06,202339,74,2.21199,2.24681,44980,2033467,3520,2022,17
nat,202218,2023-10-06,202339,73,2.41398,2.3613,47787,1979594,3442,2022,18
nat,202219,2023-10-06,202339,72,2.58986,2.48314,53380,2061117,3465,2022,19
nat,202220,2023-10-06,202339,71,2.60388,2.45354,54062,2076213,3449,2022,20
nat,202221,2023-10-06,202339,70,2.64837,2.39624,53992,2038685,3409,2022,21
nat,202222,2023-10-06,202339,69,2.6443,2.4335,51879,1961919,3381,2022,22
nat,202223,2023-10-06,202339,68,2.29319,2.16334,45240,1972798,3373,2022,23
nat,202224,2023-10-06,202339,67,2.07391,1.98842,40250,1940774,3335,2022,24
nat,202225,2023-10-06,202339,66,1.91799,1.87678,37830,1972377,3387,2022,25
nat,202226,2023-10-06,202339,65,1.80161,1.80274,34570,1918841,3267,2022,26
nat,202227,2023-10-06,202339,64,1.79341,1.81978,34995,1951308,3379,2022,27
nat,202228,2023-10-06,202339,63,1.66862,1.67886,33011,1978336,3346,2022,28
nat,202229,2023-10-06,202339,62,1.64675,1.65939,32613,1980449,3348,2022,29
nat,202230,2023-10-06,202339,61,1.64792,1.67083,32040,1944269,3323,2022,30
nat,202231,2023-10-06,202339,60,1.51365,1.52259,29647,1958644,3346,2022,31
nat,202232,2023-10-06,202339,59,1.51374,1.50755,28923,1910699,3285,2022,32
nat,202233,2023-10-06,202339,58,1.6191,1.60507,31572,1949974,3329,2022,33
nat,202234,2023-10-06,202339,57,1.80999,1.83793,35788,1977251,3318,2022,34
nat,202235,2023-10-06,202339,56,1.89497,1.96433,37529,1980457,3299,2022,35
nat,202236,2023-10-06,202339,55,1.94821,2.02422,38334,1967653,3324,2022,36
nat,202237,2023-10-06,202339,54,1.9706,2.0351,39760,2017659,3350,2022,37
nat,202238,2023-10-06,202339,53,2.19756,2.28352,44666,2032523,3361,2022,38
nat,202239,2023-10-06,202339,52,2.29168,2.36029,46154,2013977,3383,2022,39
nat,202240,2024-10-04,202439,103,2.59379,2.61257,57318,2209814,3684,2022,40
nat,202241,2024-10-04,202439,102,2.85133,3.00763,63388,2223106,3720,2022,41
nat,202242,2024-10-04,202439,101,3.31688,3.31975,75615,2279700,3726,2022,42
nat,202243,2024-10-04,202439,100,4.4466,4.3682,109496,2462467,3788,2022,43
nat,202244,2024-10-04,202439,99,5.54702,5.42144,139247,2510305,3776,2022,44
nat,202245,2024-10-04,202439,98,5.67263,5.73522,140055,2468962,3793,2022,45
nat,202246,2024-10-04,202439,97,5.73531,5.91793,137419,2396019,3777,2022,46
nat,202247,2024-10-04,202439,96,7.37142,7.42531,164936,2237505,3765,2022,47
nat,202248,2024-10-04,202439,95,7.24012,7.21822,185673,2564503,3767,2022,48
nat,202249,2024-10-04,202439,94,6.82928,6.87034,167248,2448985,3750,2022,49
nat,202250,2024-10-04,202439,93,6.46231,6.29772,151672,2347026,3751,2022,50
nat,202251,2024-10-04,202439,92,6.1412,6.00293,129978,2116491,3715,2022,51
nat,202252,2024-10-04,202439,91,5.46656,5.33838,112531,2058533,3703,2022,52
nat,202301,2024-10-04,202439,90,4.07732,3.93482,92034,2257219,3740,2023,1
nat,202302,2024-10-04,202439,89,3.05773,2.94553,67720,2214718,3737,2023,2
nat,202303,2024-10-04,202439,88,2.70671,2.63811,57770,2134322,3730,2023,3
nat,202304,2024-10-04,202439,87,2.67225,2.62522,58231,2179097,3716,2023,4
nat,202305,2024-10-04,202439,86,2.68591,2.58477,59326,2208786,3734,2023,5
nat,202306,2024-10-04,202439,85,2.70465,2.59148,62258,2301891,3735,2023,6
nat,202307,2024-10-04,202439,84,2.6371,2.5701,59665,2262519,3695,2023,7
nat,202308,2024-10-04,202439,83,2.58651,2.52707,57223,2212367,3719,2023,8
nat,202309,2024-10-04,202439,82,2.44348,2.40469,55682,2278801,3725,2023,9
nat,202310,2024-10-04,202439,81,2.40445,2.3571,54686,2274369,3722,2023,10
nat,202311,2024-10-04,202439,80,2.43524,2.3545,54263,2228243,3713,2023,11
nat,202312,2024-10-04,202439,79,2.41343,2.31096,55394,2295244,3665,2023,12
nat,202313,2024-10-04,202439,78,2.34891,2.25771,53342,2270922,3688,2023,13
nat,202314,2024-10-04,202439,77,2.20628,2.12953,48355,2191695,3680,2023,14
nat,202315,2024-10-04,202439,76,2.0726,2.01047,46725,2254413,3665,2023,15
nat,202316,2024-10-04,202439,75,1.95437,1.90776,44507,2277306,3680,2023,16
nat,202317,2024-10-04,202439,74,1.97315,1.90393,44802,2270577,3677,2023,17
nat,202318,2024-10-04,202439,73,2.0174,1.93608,45582,2259439,3652,2023,18
nat,202319,2024-10-04,202439,72,1.99349,1.90846,45769,2295923,3654,2023,19
nat,202320,2024-10-04,202439,71,1.96616,1.88236,43287,2201602,3653,2023,20
nat,202321,2024-10-04,202439,70,1.91398,1.83328,41516,2169098,3518,2023,21
nat,202322,2024-10-04,202439,69,1.93826,1.83857,41589,2145684,3601,2023,22
nat,202323,2024-10-04,202439,68,1.69283,1.57748,36939,2182091,3583,2023,23
nat,202324,2024-10-04,202439,67,1.57462,1.48614,33880,2151633,3589,2023,24
nat,202325,2024-10-04,202439,66,1.44401,1.36472,30889,2139112,3582,2023,25
nat,202326,2024-10-04,202439,65,1.32385,1.27095,28486,2151758,3539,2023,26
nat,202327,2024-10-04,202439,64,1.29091,1.22553,26648,2064286,3569,2023,27
nat,202328,2024-10-04,202439,63,1.20177,1.15793,25903,2155400,3542,2023,28
nat,202329,2024-10-04,202439,62,1.19268,1.12685,25802,2163359,3560,2023,29
nat,202330,2024-10-04,202439,61,1.23085,1.16805,26417,2146245,3551,2023,30
nat,202331,2024-10-04,202439,60,1.26099,1.20299,26896,2132922,3542,2023,31
nat,202332,2024-10-04,202439,59,1.35931,1.27357,29313,2156467,3521,2023,32
nat,202333,2024-10-04,202439,58,1.53965,1.44821,33663,2186399,3533,2023,33
nat,202334,2024-10-04,202439,57,1.8262,1.70391,40979,2243946,3524,2023,34
nat,202335,2024-10-04,202439,56,1.97735,1.93305,44411,2245988,3537,2023,35
nat,202336,2024-10-04,202439,55,2.0246,2.00204,44734,2209523,3538,2023,36
nat,202337,2024-10-04,202439,54,1.99147,1.94047,45287,2274050,3558,2023,37
nat,202338,2024-10-04,202439,53,2.13438,2.03761,48265,2261308,3558,2023,38
nat,202339,2024-10-04,202439,52,2.17945,2.08992,49269,2260617,3552,2023,39
nat,202340,2025-09-26,202538,102,2.26141,2.27908,56309,2489991,4103,2023,40
nat,202341,2025-09-26,202538,101,2.31454,2.33755,57503,2484429,4124,2023,41
nat,202342,2025-09-26,202538,100,2.51633,2.52242,62457,2482069,4105,2023,42
nat,202343,2025-09-26,202538,99,2.68605,2.71275,67774,2523186,4135,2023,43
nat,202344,2025-09-26,202538,98,2.91431,2.94538,72208,2477704,4126,2023,44
nat,202345,2025-09-26,202538,97,3.32818,3.40957,85458,2567706,4122,2023,45
nat,202346,2025-09-26,202538,96,3.5748,3.6903,90973,2544844,4129,2023,46
nat,202347,2025-09-26,202538,95,3.79115,3.92958,85522,2255831,4141,2023,47
nat,202348,2025-09-26,202538,94,3.96202,4.03334,103664,2616442,4111,2023,48
nat,202349,2025-09-26,202538,93,4.35865,4.38382,114169,2619366,4073,2023,49
nat,202350,2025-09-26,202538,92,5.21105,5.18426,136079,2611355,4093,2023,50
nat,202351,2025-09-26,202538,91,6.31482,6.23157,163310,2586137,4062,2023,51
nat,202352,2025-09-26,202538,90,6.90944,6.7962,166197,2405363,4043,2023,52
nat,202401,2025-09-26,202538,89,5.76408,5.71536,143950,2497365,4078,2024,1
nat,202402,2025-09-26,202538,88,4.7532,4.66576,118061,2483819,4064,2024,2
nat,202403,2025-09-26,202538,87,4.35295,4.32446,100111,2299842,4084,2024,3
nat,202404,2025-09-26,202538,86,4.22481,4.22972,105578,2498999,4110,2024,4
nat,202405,2025-09-26,202538,85,4.27996,4.42065,107946,2522125,4093,2024,5
nat,202406,2025-09-26,202538,84,4.40158,4.45705,112984,2566895,4095,2024,6
nat,202407,2025-09-26,202538,83,4.33696,4.35511,108413,2499747,4088,2024,7
nat,202408,2025-09-26,202538,82,4.32386,4.33545,107398,2483847,4073,2024,8
nat,202409,2025-09-26,202538,81,4.09674,4.0587,104700,2555691,4058,2024,9
nat,202410,2025-09-26,202538,80,3.74694,3.72797,94776,2529424,4077,2024,10
nat,202411,2025-09-26,202538,79,3.40146,3.39722,84989,2498605,4022,2024,11
nat,202412,2025-09-26,202538,78,3.15473,3.08528,78492,2488074,4069,2024,12
nat,202413,2025-09-26,202538,77,3.03883,2.97703,73783,2428005,4060,2024,13
nat,202414,2025-09-26,202538,76,2.83202,2.76586,68552,2420608,4049,2024,14
nat,202415,2025-09-26,202538,75,2.59248,2.53824,64523,2488849,4064,2024,15
nat,202416,2025-09-26,202538,74,2.29479,2.24747,57547,2507721,4046,2024,16
nat,202417,2025-09-26,202538,73,2.24787,2.19144,55418,2465351,4020,2024,17
nat,202418,2025-09-26,202538,72,2.14622,2.09931,53521,2493729,3976,2024,18
nat,202419,2025-09-26,202538,71,2.04206,2.00488,50413,2468736,4018,2024,19
nat,202420,2025-09-26,202538,70,2.03606,1.97657,49410,2426743,3967,2024,20
nat,202421,2025-09-26,202538,69,1.95861,1.90707,47573,2428922,3921,2024,21
nat,202422,2025-09-26,202538,68,1.92202,1.87651,44745,2328017,3907,2024,22
nat,202423,2025-09-26,202538,67,1.72659,1.66065,41225,2387650,3886,2024,23
nat,202424,2025-09-26,202538,66,1.60594,1.58178,37749,2350585,3883,2024,24
nat,202425,2025-09-26,202538,65,1.54276,1.49244,35810,2321170,3881,2024,25
nat,202426,2025-09-26,202538,64,1.49763,1.4663,35224,2351985,3823,2024,26
nat,202427,2025-09-26,202538,63,1.44721,1.37639,32130,2220134,3865,2024,27
nat,202428,2025-09-26,202538,62,1.44812,1.45548,35017,2418108,3852,2024,28
nat,202429,2025-09-26,202538,61,1.43633,1.45233,33357,2322374,3798,2024,29
nat,202430,2025-09-26,202538,60,1.50432,1.52211,34816,2314401,3879,2024,30
nat,202431,2025-09-26,202538,59,1.4951,1.53543,35019,2342255,3889,2024,31
nat,202432,2025-09-26,202538,58,1.50508,1.53984,35085,2331105,3878,2024,32
nat,202433,2025-09-26,202538,57,1.56538,1.56577,37049,2366776,3888,2024,33
nat,202434,2025-09-26,202538,56,1.76294,1.76988,41839,2373251,3890,2024,34
nat,202435,2025-09-26,202538,55,1.88944,1.93414,45676,2417432,3890,2024,35
nat,202436,2025-09-26,202538,54,1.90808,1.9202,44740,2344763,3898,2024,36
nat,202437,2025-09-26,202538,53,1.90654,1.95528,46654,2447051,3844,2024,37
nat,202438,2025-09-26,202538,52,1.94807,1.95303,48504,2489845,3902,2024,38
nat,202439,2025-09-26,202538,51,1.93698,1.93495,46846,2418511,3877,2024,39
nat,202440,2026-09-11,202635,100,1.8485,1.90509,49676,2687374,4253,2024,40
nat,202441,2026-09-11,202635,99,1.94416,2.02014,51656,2656989,4271,2024,41
nat,202442,2026-09-11,202635,98,2.00964,2.07037,53461,2660225,4267,2024,42
nat,202443,2026-09-11,202635,97,2.15518,2.22044,59814,2775354,4269,2024,43
nat,202444,2026-09-11,202635,96,2.23339,2.31725,61076,2734678,4211,2024,44
nat,202445,2026-09-11,202635,95,2.38624,2.4719,65983,2765142,4258,2024,45
nat,202446,2026-09-11,202635,94,2.57543,2.6917,69293,2690545,4273,2024,46
nat,202447,2026-09-11,202635,93,2.78848,2.88949,75862,2720548,4237,2024,47
nat,202448,2026-09-11,202635,92,3.12363,3.18283,73943,2367211,4252,2024,48
nat,202449,2026-09-11,202635,91,3.24407,3.318,87437,2695286,4252,2024,49
nat,202450,2026-09-11,202635,90,3.6863,3.78793,100758,2733307,4251,2024,50
nat,202451,2026-09-11,202635,89,4.80631,4.94489,133012,2767445,4221,2024,51
nat,202452,2026-09-11,202635,88,6.66381,6.74349,167411,2512241,4217,2024,52
